asset_id,substation,oil_temp_c,vibration_mms,gas_ppm,wind_speed_kmh,customers_impacted,failure_label
TR_001,Substation_C,85.38051141128344,4.200746102576122,332.7323796214582,29.35416165880545,12164,1
TR_002,Substation_D,74.84626381236782,3.885536833274875,308.16583991533986,73.22442654999902,8719,0
TR_003,Substation_A,60.1192950586113,0.302572319870842,233.67629106767356,89.76522149180623,23964,0
TR_004,Substation_C,92.89667628095167,2.7958578382466355,382.8583860086539,7.55221045299839,18869,1
TR_005,Substation_C,84.50752621600216,3.103545388408271,88.18506105607709,81.27609859222922,10213,0
TR_006,Substation_D,50.570101057417936,3.250699969085514,52.61304202075235,57.923595355885936,8988,0
TR_007,Substation_A,99.21026699209976,4.6833617168959245,343.04516711261465,87.7375226290098,2681,1
TR_008,Substation_A,93.46492079000598,4.315460119142339,181.26842848716183,44.525808989746345,12094,0
TR_009,Substation_C,101.73699436397507,4.902450233068213,340.3178531407536,77.02797409856677,19180,1
TR_010,Substation_B,87.1717680452434,6.142577766182813,358.3051800262118,10.303495830853564,7664,1
TR_011,Substation_C,79.87198773582634,6.522587335857138,34.35846151143786,33.498719256655136,19481,0
TR_012,Substation_C,67.18579735889023,5.773172302189305,354.5512575645637,10.696405708852847,1401,0
TR_013,Substation_C,100.62735141801086,7.648637198043984,184.84443159407465,87.904166345721,22944,1
TR_014,Substation_C,96.29415281752654,0.2440374031432569,209.06867071165055,74.44278211810612,9790,1
TR_015,Substation_D,42.93921355690231,1.6466460869000143,254.371079326352,77.4665308059075,18561,0
TR_016,Substation_A,41.71385334232138,0.15974671232732277,371.28921662473385,84.727044671881,3381,0
TR_017,Substation_D,64.47011884707322,5.215050241821364,17.45527682760797,12.233796320181755,13558,0
TR_018,Substation_D,92.68596650081915,7.194441336704896,195.96895264394868,37.775795363633335,6122,0
TR_019,Substation_D,104.17294840547139,2.023510142952764,278.21159654791865,11.03796556874018,24936,1
TR_020,Substation_C,49.777097921729336,7.423572903890823,291.8557135023091,22.91741363175243,1878,0
TR_021,Substation_B,78.61849649788878,0.5761123832875308,280.0876482994721,24.49609104820215,18132,0
TR_022,Substation_A,64.7579056810164,7.482044611763563,62.42970046916752,44.87411293904419,6150,0
TR_023,Substation_B,103.04443585794921,2.877819229193112,126.76427946495568,27.82778423355962,12933,0
TR_024,Substation_D,94.73773000382107,0.9012245447488105,149.89905491263525,13.583139079509692,22963,0
TR_025,Substation_D,94.49136580622397,3.9383868975719727,323.73051099500697,19.236742572999155,9956,1
TR_026,Substation_B,70.46505538667307,2.1285348849920127,118.71635024167568,17.518422901927728,7536,0
TR_027,Substation_B,66.96326765194823,2.3504959254991906,92.17493590820924,87.71152782254535,6987,0
TR_028,Substation_B,57.771459675495905,2.527590722917664,383.4047274248575,69.53986308807026,17942,0
TR_029,Substation_D,43.664407282310265,6.443904592878041,13.456681194252871,87.25972454791277,18932,1
TR_030,Substation_D,96.20695445657846,4.35937408573451,399.1501337159715,42.377941353172226,22999,1
TR_031,Substation_A,92.83856559345504,2.559330823332429,273.9603065543843,28.661320941325812,4748,1
TR_032,Substation_A,104.98164876359849,4.921636888156255,333.10302678515563,72.85492176278086,19360,1
TR_033,Substation_D,104.78139440980385,5.757590326363229,124.90156457501533,32.73158303349747,5103,0
TR_034,Substation_B,76.10306086417079,2.2537296057949168,15.582958290153393,30.447586764954604,20437,0
TR_035,Substation_B,89.98418198673318,3.3670379020502774,297.76911223899674,24.76300933766565,13132,1
TR_036,Substation_A,101.40977244235782,1.0629001373618858,335.31639283026357,16.022713149060003,720,1
TR_037,Substation_D,95.22708039403174,1.5310798613239747,298.7856914618725,26.79936018642511,14726,1
TR_038,Substation_A,56.07762661330785,5.480831046323364,65.71161204732705,35.20217862028045,5318,0
TR_039,Substation_A,69.28536879515607,1.533362946795453,303.83688968021795,62.28950769238708,24076,0
TR_040,Substation_C,48.39536198484717,4.248790730969775,309.87988502198,10.318011588653384,21507,0
TR_041,Substation_C,102.01331677181696,5.7014654676072185,266.8308011113214,22.89308987155415,7849,1
TR_042,Substation_C,79.4013512393072,0.9443276924484764,308.78521379027865,73.76700942479249,6118,0
TR_043,Substation_B,54.861782357725076,4.581766535068338,339.9093614743155,17.488363504620516,10356,0
TR_044,Substation_D,83.66054448638069,2.126845991240774,249.30560455260877,34.12483745441433,24093,0
TR_045,Substation_D,80.17833562976323,7.70712231437688,44.55583844817483,78.4960083579419,5076,1
TR_046,Substation_D,63.28057667213463,3.9200106090874054,200.17484577021224,18.168651447192627,18755,0
TR_047,Substation_D,47.381243492975884,6.467341143223749,40.283240521925975,12.032631027546142,24799,0
TR_048,Substation_C,83.65225771353198,4.446789683034468,168.94178210264803,46.18572958180092,15707,0
TR_049,Substation_B,73.82000055874656,0.44295900955307144,168.77153075899477,30.705658458675593,1962,0
TR_050,Substation_B,90.20069546281655,5.101895867192776,35.74383921469422,52.8897109811276,22405,0
TR_051,Substation_C,73.81062757227957,7.616086403432591,146.04000824809694,73.32341569109539,16405,1
TR_052,Substation_B,95.3917975207051,4.8527333791560165,53.289258528612784,16.657621492983168,16752,0
TR_053,Substation_C,75.87394452034155,6.571591989471642,325.2117319035966,54.35942218711423,8736,0
TR_054,Substation_D,76.46096814980011,7.085231060452422,379.5983301261436,47.96824463313843,8313,0
TR_055,Substation_C,96.98248417279243,1.9018301983965666,38.203425350596056,17.246696811121964,2568,0
TR_056,Substation_D,66.22638630380581,1.7751542352749907,382.49493084376354,58.039871269963506,6253,0
TR_057,Substation_D,48.71098984929165,4.926749811922835,213.80487374133062,28.25943551816559,7737,0
TR_058,Substation_A,41.870873960367035,3.3471249114729673,126.83061440201082,46.46591707624106,14675,0
TR_059,Substation_C,89.08392161878524,6.734904292647091,39.976209357703766,11.99314756355026,23900,0
TR_060,Substation_A,80.3201208379752,7.2101826748442885,205.24346454746296,44.06464486315796,6691,0
TR_061,Substation_C,85.76518492644954,2.8920288964914733,319.861062351392,31.049394783639727,18398,1
TR_062,Substation_C,53.8426704980792,1.9712774158984085,285.7637261340123,74.90240295075512,19482,0
TR_063,Substation_A,48.864145913140035,6.2661515704265085,29.588144470949768,9.843191794776303,15122,0
TR_064,Substation_A,40.94540326841233,2.2709676808302754,38.43171579348237,40.581618368058045,1501,0
TR_065,Substation_C,62.7881913224288,6.598653116258059,167.12058022672846,43.96667105117223,17917,0
TR_066,Substation_B,78.34464964555116,3.4475322038252267,125.16329267869787,66.6255164854251,15377,0
TR_067,Substation_D,65.4958629314826,5.373644204402616,100.62988599185866,53.81444388266794,10732,0
TR_068,Substation_A,68.43586993154238,0.8547289792938786,119.59175457439831,61.71304866150539,23783,0
TR_069,Substation_D,98.77031514209364,5.028488664944927,323.358269885785,71.04918928039928,21935,1
TR_070,Substation_B,62.63660535651452,3.66896466202411,372.39894091642304,78.28725276094605,4976,0
TR_071,Substation_B,73.4093167953877,4.734206859086245,167.9900508657509,31.67941722140999,17362,0
TR_072,Substation_B,90.9374458281743,1.4273122411844212,363.38329083167383,50.731929955931754,1015,1
TR_073,Substation_A,65.77528085088255,5.921302585059038,135.38332348667396,76.409186667332,12978,1
TR_074,Substation_B,80.43563551481178,6.916096912591505,195.81042467407872,89.1033461320298,1691,1
TR_075,Substation_A,96.05364106853844,1.8122444207171278,98.15130914823989,80.60914143871986,11360,0
TR_076,Substation_B,101.71884053774673,0.8561449886092777,259.7856564485792,36.57471732307202,13948,1
TR_077,Substation_D,49.559776260387466,0.28674482976605753,391.8026349181755,21.589153963585286,6797,0
TR_078,Substation_D,100.22819563549714,5.171574853501801,245.36230745691768,46.59836567956004,17155,1
TR_079,Substation_C,71.98755905016998,4.896042885101368,149.54749280428405,68.03952340606358,8834,1
TR_080,Substation_D,56.78588523943229,4.418909560441153,262.6488039363061,46.868371014030295,24662,0
TR_081,Substation_C,69.84382415548698,1.932382059316206,57.93906460150115,46.070373381661824,6508,0
TR_082,Substation_D,103.70211739355601,3.188157367653566,356.5770413035055,76.24958579195305,8487,1
TR_083,Substation_A,72.02017610953652,4.796363047970767,206.20274080413617,35.71932122071084,3832,0
TR_084,Substation_D,61.36885466868803,4.024458184987438,185.2463993954604,78.08254735898987,1287,0
TR_085,Substation_C,81.17105553058718,7.90350560969761,238.48726749687248,39.5784080808965,6722,0
TR_086,Substation_C,55.60946522058255,1.177874045198192,253.66570648786697,32.89981398265885,10373,0
TR_087,Substation_B,44.93111632706315,5.591641976975991,37.99256442834008,43.58914245197442,17506,0
TR_088,Substation_A,48.3771819241922,3.294118268023908,276.22071627712694,69.80799148736382,20725,0
TR_089,Substation_D,48.32297953225521,3.482776957912357,104.35335532305653,15.710172368439514,4176,0
TR_090,Substation_B,49.87367507829913,5.769022348699592,288.44152667757004,21.69563334912148,3072,0
TR_091,Substation_D,49.02376622221166,5.57024559546252,330.78856980983676,85.87281018136282,7415,1
TR_092,Substation_D,81.65685841220895,7.930922350247288,323.54381794548294,19.916788327415375,5533,0
TR_093,Substation_B,51.822205485944416,1.1143148866875894,225.47537728907676,53.25682202413964,8288,0
TR_094,Substation_B,62.46837341605111,0.922466230134914,212.86625800119296,54.24172966626472,16189,0
TR_095,Substation_B,98.29124664389076,5.822276655317055,65.72162492237057,46.618079274270805,11952,0
TR_096,Substation_B,70.8075066170867,4.669256644350631,312.38499865722287,59.80334612902958,22098,0
TR_097,Substation_B,83.39125300386677,2.2658692658224666,115.8496583742186,24.535271692797565,5212,0
TR_098,Substation_D,51.20079162810594,0.7274130150129942,203.71121489899915,51.9762927610236,566,0
TR_099,Substation_B,52.4987862225636,0.7767001718118013,120.86689624173151,36.63472669598626,16355,0
TR_100,Substation_A,42.65646005732113,7.164107909846535,62.19306156988033,61.241717068481066,12978,0
TR_101,Substation_C,50.98077909969069,1.6157518652780691,255.52750178777725,17.004001186717705,8033,0
TR_102,Substation_B,58.10837203707731,2.6546353407126144,31.189493580932492,53.52458043135548,15603,0
TR_103,Substation_B,51.505681477988546,1.8905855775932054,301.971641309218,20.747980207582515,5116,0
TR_104,Substation_D,45.76566469420862,2.904470816072305,133.8588501518355,28.684660364778093,13777,0
TR_105,Substation_B,47.841331621539055,0.6484483576941376,10.052530271749275,23.590333027504574,18024,0
TR_106,Substation_B,69.95061992212717,4.200572348175336,209.34036430251962,20.541211288849453,6230,0
TR_107,Substation_B,53.411691696376515,0.6341392523784978,28.272244325765218,75.18543088265669,11224,0
TR_108,Substation_D,63.6775409681249,6.422816411796656,117.7061275501508,29.28514325117568,12272,0
TR_109,Substation_B,72.72212260556569,1.946325447092421,285.7208301077293,83.8055214584782,24349,0
TR_110,Substation_C,84.87566386090874,4.366094125375634,34.44895243252769,87.44375465434122,16768,0
TR_111,Substation_D,42.55528908967143,7.0526247917355205,337.34201201884093,53.55713994465327,21355,0
TR_112,Substation_C,91.96167592908778,5.2419312154728335,11.489769836847412,17.155095426586744,13440,0
TR_113,Substation_D,80.81352531690901,4.3103665137555485,106.26130898874187,36.83660068726441,20223,0
TR_114,Substation_B,45.31433707667667,2.6622366496114673,298.95258189930786,72.8072423845982,17432,0
TR_115,Substation_C,96.78261056694052,2.730715113159764,133.34535839442964,36.22821193925099,24559,0
TR_116,Substation_D,99.85670603456785,5.388946946065702,49.73803134574528,12.396463555737043,15143,0
TR_117,Substation_A,43.97006739056614,7.953700953647224,150.49122833216688,52.326717428895975,698,0
TR_118,Substation_B,57.997047129568244,5.328529599810091,115.45338168996496,76.83527237716295,17455,1
TR_119,Substation_D,92.40308318654898,4.5064889972231965,338.65764184261644,72.65374290719771,17674,1
TR_120,Substation_A,88.63687987493779,5.872139030890044,132.2056878582058,19.885466911080023,10330,0
TR_121,Substation_D,51.99386625816453,3.775124337041374,317.68366399264283,62.18499222505967,14298,0
TR_122,Substation_A,53.60770601688617,0.5751245065462032,357.83013647618657,23.742862392030005,18058,0
TR_123,Substation_B,64.08068668143983,4.542144845435487,179.18879363484652,23.54764043693464,11969,0
TR_124,Substation_C,71.49399403741639,7.665239747592503,364.8778261032129,79.29610073094074,678,1
TR_125,Substation_A,80.18656014946924,1.4848932446255114,157.15404104564522,26.221860982919562,19128,0
TR_126,Substation_D,63.97938657203521,5.551038637483259,385.9905824311422,27.37602445403095,20970,0
TR_127,Substation_B,70.06475654865461,1.6873761404065464,44.822914564973445,5.055538214710462,17618,0
TR_128,Substation_A,88.58561097869418,4.333038707337342,277.9375139362647,79.00686790066901,23116,1
TR_129,Substation_D,42.384408187888866,0.8637439522090851,202.5874757782022,72.37055912277646,1298,0
TR_130,Substation_D,56.40840138236135,3.657930396439663,161.18303412770234,58.32295948270763,8101,0
TR_131,Substation_D,86.3677230824959,6.073690298272444,256.75763271195433,68.7725899348016,3295,1
TR_132,Substation_A,98.18844444966795,2.845815041487959,284.5042657373892,17.924128231081802,12996,1
TR_133,Substation_A,73.25903373751831,5.352802623449023,11.701675163620544,43.95750553994391,5088,0
TR_134,Substation_A,74.58737654224552,6.384054690238861,75.1117046114075,34.853647924646374,7797,0
TR_135,Substation_C,46.966180737085445,7.424704773887676,288.0879597473843,12.971004731846403,3584,0
TR_136,Substation_A,69.08180384352455,1.9536724466580833,269.8903112955005,46.32109124326855,11610,0
TR_137,Substation_A,74.6201223195765,3.2545957348935346,386.75852700018413,83.262870279124,1231,0
TR_138,Substation_A,55.760582736257426,1.304086505310298,306.80473819780536,8.40502511930903,1629,0
TR_139,Substation_C,57.50081001170976,7.940619667051164,380.8013560152218,29.77417764697248,2105,0
TR_140,Substation_A,64.52347060180047,7.423307646601933,283.9907955985747,22.640979577484796,12470,0
TR_141,Substation_D,41.30462785555221,4.365661329216421,126.24036136938282,25.242465561584186,11437,0
TR_142,Substation_A,60.935145762906586,6.752063025573728,51.09231967783403,82.21693690974689,11862,1
TR_143,Substation_D,53.7441204547754,4.215568020449133,314.91130670452486,44.78586960991466,3433,0
TR_144,Substation_D,61.28732789156445,5.026326935221801,261.2181963756072,44.6354500998846,15687,0
TR_145,Substation_D,47.78453856825133,0.8040830137165312,28.79254483338553,69.64892960869899,5574,0
TR_146,Substation_C,97.88427324809317,6.066636321924783,150.41968170138156,18.13183734041869,14537,0
TR_147,Substation_C,78.58350948101317,1.1089365207183552,383.15192803887163,46.417555098504316,7599,0
TR_148,Substation_C,84.14165074439182,6.625934278994974,205.15644682697848,41.548743200290076,18374,0
TR_149,Substation_A,91.296130509477,6.2780218925960485,178.7643630476848,55.73740869646577,1393,0
TR_150,Substation_D,72.39874293038872,5.699083112169514,188.50284601212465,89.96240477628729,1890,1
TR_151,Substation_C,45.649818725682536,0.38566700614562077,91.46426236201386,70.40315599697401,20273,0
TR_152,Substation_C,74.9119252182056,2.4947140119680964,153.79579663727014,38.81858475648131,4739,0
TR_153,Substation_A,78.14467267135714,2.178589302295659,154.22716983499888,75.34200944329399,21363,0
TR_154,Substation_C,88.45356582198144,2.945077619025001,30.418457873114235,19.510210881560816,19147,0
TR_155,Substation_A,68.05787050492916,0.7923776994343245,309.3513751219881,7.589413336261611,3932,0
TR_156,Substation_B,48.292719681711645,7.501966801945396,172.43672844251282,22.378111659463208,2871,0
TR_157,Substation_C,58.44543387691709,4.475037701627772,330.65015585840507,33.93498226971207,21196,0
TR_158,Substation_B,63.60034926591128,2.513642054198386,341.6357204367592,48.399364384062594,2015,0
TR_159,Substation_A,81.98462068655408,3.236153984886839,92.67768133247664,57.28597694600199,16406,0
TR_160,Substation_D,77.10058980347927,3.632900069988202,266.36785804635014,82.40148596322585,6826,0
TR_161,Substation_C,63.14628718336,4.844695233548877,194.18990362356286,48.3375908117889,15105,0
TR_162,Substation_A,104.12349117154368,4.173867478802332,353.2611277893792,47.608429793187,23972,1
TR_163,Substation_D,79.37536325819767,7.363196588393897,94.1388648788171,9.27065583495348,6086,0
TR_164,Substation_D,55.41974146283964,4.026011514956059,274.34714812091727,7.967481975779024,3417,0
TR_165,Substation_B,46.61586072032624,7.93804831710417,247.0233276785618,51.848596762891624,22615,0
TR_166,Substation_A,49.935844046981586,6.826257166186257,125.16757625301479,42.245182126109285,24570,0
TR_167,Substation_D,55.98725234499303,1.7472330634229531,63.27435242395732,76.33033357332538,16401,0
TR_168,Substation_C,50.44428926187112,7.451702195686939,264.1395065861378,18.65776470050684,18051,0
TR_169,Substation_C,52.126856563334876,1.0192945432952611,298.05300867160895,7.122591279949216,21993,0
TR_170,Substation_B,58.531185965100065,6.557852697080413,133.0946640677065,43.168295274060696,21211,0
TR_171,Substation_D,51.269283694159064,3.1069240184649827,261.48471556870237,25.185677323941885,22694,0
TR_172,Substation_A,98.28975260071763,7.035997131516049,164.10105396848627,9.217221733801182,20539,0
TR_173,Substation_C,45.215193468006746,6.957647851848858,288.1506844802209,66.59085438204846,4293,1
TR_174,Substation_D,74.09324032206655,6.466810660929207,87.69395720868071,14.485404996366036,10447,0
TR_175,Substation_D,66.675793754328,6.341240446825785,357.183851028108,56.70715750066059,16359,0
TR_176,Substation_B,103.85461009905941,2.5069651988745223,122.0897426215761,28.889228764185578,23622,0
TR_177,Substation_C,47.2825286409234,0.7392623361048922,153.43653522489964,19.74716428017687,2077,0
TR_178,Substation_C,65.8606139379732,3.2835434122447755,32.655861311336416,37.278879448141986,9988,0
TR_179,Substation_A,103.01557816289898,1.4708436683934187,53.489762805297794,73.12289097895106,19104,0
TR_180,Substation_C,96.25796318310871,5.590113602329447,211.18614205780796,38.32795403688868,9664,1
TR_181,Substation_A,93.10968461170319,2.834187839648506,114.36114392390888,68.81542018293973,1530,0
TR_182,Substation_C,56.763683757921086,7.8073205867933275,335.8372880394558,15.666335227927808,16381,0
TR_183,Substation_B,51.107693180354275,5.163679411028123,15.730421575431999,70.68557067153172,11285,1
TR_184,Substation_C,83.46180929508802,6.597596452711452,157.84667898205512,25.139332617065136,7191,0
TR_185,Substation_A,100.40943929329308,1.1469449146606028,141.56476323994613,62.57841604055419,20876,0
TR_186,Substation_A,76.18958804590544,6.909914409953718,17.537776057864406,53.09143216148469,17797,0
TR_187,Substation_B,77.15482481554349,7.389781805055815,58.50367561019899,83.97730096299343,6858,1
TR_188,Substation_C,58.198641087918475,3.9477891586695937,171.32064321826775,37.922414027901695,19065,0
TR_189,Substation_C,90.01704065747589,4.889398208232722,202.21718793450418,10.624041050927438,20081,1
TR_190,Substation_B,52.15784365623902,6.1419974271336635,167.67300142939894,6.6282162718564965,22924,0
TR_191,Substation_C,61.039150366275834,1.4812251553572593,217.06569458071658,75.28297768268402,1962,0
TR_192,Substation_C,67.65336851006708,4.070272004061195,242.1013532132158,49.602529201221735,16011,0
TR_193,Substation_A,72.99467461448958,3.2494379194012737,13.870290239855896,70.89574440597069,11070,0
TR_194,Substation_C,55.75663260698022,1.2563545380817682,190.9971121868665,24.92617600097875,16397,0
TR_195,Substation_C,47.464393608048226,3.0035219361030987,385.76470394615944,34.33211836862487,12146,0
TR_196,Substation_B,79.69030275870611,0.6385612441453992,212.422589250524,7.5588291379621095,15974,0
TR_197,Substation_B,58.76098596061662,0.3039140649009472,274.24148430899174,86.72684758879953,7537,0
TR_198,Substation_D,77.78048439246979,1.1678136843231,131.62690458758445,61.76877206956914,9999,0
TR_199,Substation_A,50.03357649282315,7.708609381554473,311.8566374795774,84.32243245954103,21878,1
TR_200,Substation_C,71.27410662056313,4.441283333570634,311.4393779316849,27.567194631471146,13886,0
TR_201,Substation_C,74.61831311585308,7.729995073110437,213.3054585851142,56.97440695418117,22192,0
TR_202,Substation_D,43.36852989345775,3.516733238808043,390.6453910788933,62.67249730487421,6721,0
TR_203,Substation_C,61.87927808260484,2.563347451373551,58.964583757434816,31.991724521895016,23974,0
TR_204,Substation_A,48.736954001033325,4.098520716437928,16.609589306936588,77.08928497632856,8269,0
TR_205,Substation_D,44.1193730807299,3.5721423401999903,310.36170258526744,85.50872434652106,17571,0
TR_206,Substation_A,104.34741510534644,0.9347510056677769,324.7906595723042,80.21268500416036,14856,1
TR_207,Substation_D,60.952999923357,5.162527886052629,56.880819357024734,67.82069295484666,21545,1
TR_208,Substation_D,92.64183898055126,1.806701641825837,113.57730485385638,28.58449777662109,18778,0
TR_209,Substation_B,56.55164255964465,4.994744843692853,16.845421712985274,28.937363578978697,7889,0
TR_210,Substation_A,84.2976769445554,5.236588629945412,124.39035820442022,86.88562723791323,5422,1
TR_211,Substation_C,89.41481089282962,1.3009963397163202,311.5253308282819,5.874182154533822,14139,1
TR_212,Substation_C,78.71651813950987,0.5846620541742785,212.0046058079058,65.86424772558229,23206,0
TR_213,Substation_A,70.6524522557603,6.268016529940675,145.75728133563234,65.03092381719728,10503,1
TR_214,Substation_C,66.76965941957246,3.7324233477776296,154.9783250134688,57.928610980732785,20067,0
TR_215,Substation_C,62.6764373252947,0.5594939844932588,10.52791402903258,89.15925191738359,20681,0
TR_216,Substation_A,100.41939437610867,7.9594439056411606,126.922205750442,31.509752039916645,5678,0
TR_217,Substation_D,93.99026150620239,0.5564664318712964,262.11890923879287,33.897608422426096,15740,1
TR_218,Substation_A,102.72674919332331,5.59077830798257,389.9358330883793,11.709849250457221,4468,1
TR_219,Substation_D,48.07931952656041,7.871063509580967,340.3537225237208,42.637841606217684,3216,0
TR_220,Substation_C,87.50638588823688,1.9895228233058124,19.202036211756358,27.18912472996209,17074,0
TR_221,Substation_C,100.99212969336746,1.22377001262885,360.4386358231873,34.187869685099756,14011,1
TR_222,Substation_C,51.78014930076791,1.0589410214371884,315.4473811864641,75.93860217172835,18219,0
TR_223,Substation_B,44.32225737884054,2.495873665784005,314.34668819268234,84.51618364983713,8681,0
TR_224,Substation_D,88.17284220385383,0.8982619069841089,188.61834601139287,20.787311120440776,13495,0
TR_225,Substation_B,77.34075235669428,5.568074599383642,165.2220642522561,36.6632591820446,11798,0
TR_226,Substation_B,94.71887048928768,0.5921052052274953,128.13713424494512,83.9335977798085,17262,0
TR_227,Substation_A,49.08520448070882,4.124434812383338,35.620994992202654,10.253719158583923,20713,0
TR_228,Substation_B,91.69237527089285,7.973905145438517,99.01179176254266,12.850644889467173,6880,0
TR_229,Substation_A,53.1057758031034,6.530365129097548,106.1754176414296,18.8372340825295,1115,0
TR_230,Substation_A,50.63763628627079,4.960233562024986,198.79005718697863,55.593090900784354,19214,0
TR_231,Substation_B,50.67727686551454,2.5194036042142325,301.50331857271067,17.790143035509786,18638,0
TR_232,Substation_D,92.94735681503984,5.028777106703944,194.78583307519918,87.28649242331235,963,1
TR_233,Substation_D,83.237819345253,4.263627564902047,32.55933528439264,42.97073481697423,9658,0
TR_234,Substation_D,73.99925260999277,3.4660587327339347,383.53802238539953,47.62902662976414,21151,0
TR_235,Substation_D,63.32398146802766,1.132611976247576,377.6624844467038,25.96598234345955,3658,0
TR_236,Substation_D,97.01803515285204,7.104173300399687,316.2239218278793,45.031621456952344,20508,1
TR_237,Substation_B,65.5089319824713,3.653298725688448,396.617881610046,61.26265877414598,13934,0
TR_238,Substation_B,93.07896356565251,1.6375178433840443,222.34810979210255,68.85005664109363,5438,1
TR_239,Substation_C,68.5437690570642,3.005298871930588,385.47965659875035,69.07878703034261,5917,0
TR_240,Substation_D,64.501387912619,3.371625044978524,39.4859658405328,54.12074457899751,22888,0
TR_241,Substation_B,70.07418606852443,6.637549374978307,152.61549182193482,81.87058087447787,9381,1
TR_242,Substation_C,59.58956182066923,5.895553606435076,97.89869452263868,74.4796670210193,6103,1
TR_243,Substation_D,88.59460971145631,6.177508659766584,86.3749028123653,69.34908974938317,2712,1
TR_244,Substation_A,72.67682535601114,0.187146988986313,64.91315006814366,9.726469342839152,23004,0
TR_245,Substation_C,55.09382518454312,3.3876165856201164,252.7413202107387,5.5846267886701915,22702,0
TR_246,Substation_B,98.47234726284695,3.902618797919057,314.715523741449,23.058018561615203,17266,1
TR_247,Substation_A,64.95292938925874,0.25161898690214785,235.53637577394065,61.39950548264344,19140,0
TR_248,Substation_A,75.33093597240926,2.1525243490857706,67.31545673940178,39.9517865550164,12195,0
TR_249,Substation_A,98.92068721269555,6.106289602664867,326.3382702740536,39.2045320404415,18296,1
TR_250,Substation_C,80.5754697344095,1.1831666752590926,258.0223357938541,80.18988549951716,10275,0
TR_251,Substation_B,47.598372646043664,4.328950038475474,161.38462538952825,81.1228420912063,15059,0
TR_252,Substation_A,101.08908803487589,1.8000947889361765,272.9108152590646,82.27989744455479,6646,1
TR_253,Substation_D,80.80102344964216,0.19575411968675688,111.36294190470481,31.67963650377732,871,0
TR_254,Substation_A,61.7688649527106,2.0054915150363777,144.6249613127421,63.73974408283725,22690,0
TR_255,Substation_A,49.05268472312017,7.809402663789425,367.8194788214762,28.088820408321418,6065,0
TR_256,Substation_C,91.61163730256924,6.432143183875618,123.29675721185396,21.20183581132823,9302,0
TR_257,Substation_C,80.30472913535337,7.680655490136163,193.29542458159528,20.69375887452638,8807,0
TR_258,Substation_B,74.67497097846089,3.9540469470182638,357.1550435844457,34.079147773405495,7937,0
TR_259,Substation_D,98.10301789831225,0.9669159695522777,286.0113266043357,41.546397681284844,946,1
TR_260,Substation_C,91.25881872959451,4.428879962892174,34.25925820423407,75.63067953968081,1891,0
TR_261,Substation_A,49.85886718262883,3.689580943023691,67.44818726879843,15.190742945180528,12016,0
TR_262,Substation_B,60.26193440671064,6.770420953642966,13.05822040104756,67.468697028566,18224,1
TR_263,Substation_A,56.151794087940274,0.8748523881955322,256.0594981893737,50.17366770609095,15954,0
TR_264,Substation_A,88.356509017224,3.957104982472048,184.59263591006314,29.47535412745936,19823,0
TR_265,Substation_C,42.17960825782566,1.2853844510824757,62.367191851887455,46.88966468529009,12391,0
TR_266,Substation_B,77.04282951663558,2.664939822431474,383.59430721214045,30.495075931046927,15498,0
TR_267,Substation_D,89.55981457314488,5.925120911363617,216.56729233879176,55.66696619525601,6469,1
TR_268,Substation_D,96.9897663895137,3.860543222013256,104.33838470402678,41.87673344269576,9765,0
TR_269,Substation_C,62.23531366653398,3.069517452651578,205.23539275033593,18.974469971704693,16361,0
TR_270,Substation_C,93.38172480368084,3.2163626007032793,275.05192976669207,14.909561337234221,21697,1
TR_271,Substation_B,47.19106290208847,3.7296294704072945,39.733295009690146,51.469132976131064,20453,0
TR_272,Substation_D,95.01939896274368,6.301630696312749,117.13448786867788,81.70510782931879,5954,1
TR_273,Substation_D,48.28676305157886,7.1474690426278515,324.7165414447575,34.236403357403276,3650,0
TR_274,Substation_D,65.82367388642388,7.647144023381033,189.26929945703787,67.30500911392298,15886,1
TR_275,Substation_A,91.824198775671,6.316536751416831,223.16508539259502,60.98621516988019,6914,1
TR_276,Substation_D,49.7446327776703,2.591714476409301,178.79824086169302,84.18216771630588,5157,0
TR_277,Substation_A,54.9013406901217,5.536264178083683,27.120977630771996,74.78338647042698,23831,1
TR_278,Substation_B,86.94641694554932,3.5570646800375965,74.64241412986081,53.16144700696435,10986,0
TR_279,Substation_A,86.80237487549483,2.1118979141638046,183.76123910933745,60.847592349899124,24827,0
TR_280,Substation_B,81.67459613754433,6.742885477464789,91.58233150909184,81.36284965964296,20546,1
TR_281,Substation_D,85.1066488903615,0.40356815680236746,29.49182117727471,38.959096689889456,21366,0
TR_282,Substation_D,75.27708881759375,7.223919737869846,339.0233689802113,32.77754999791108,21681,0
TR_283,Substation_B,56.36693882895193,3.7456719705354002,392.66508637400517,5.918942108991689,15394,0
TR_284,Substation_C,62.47023957775477,5.1338916667854155,319.3257208587284,75.25684130627445,21952,1
TR_285,Substation_B,51.80385159209267,5.308895985425683,342.97611946482016,73.08335953428602,5980,1
TR_286,Substation_C,99.04928648668584,7.171430151581637,104.3710808236477,13.878634038512867,8533,0
TR_287,Substation_A,77.92046665979782,5.129690489120938,384.6445204501479,54.032877396279524,1483,0
TR_288,Substation_A,66.0553420896366,4.950075319604488,86.80102473683706,44.43844434418543,22491,0
TR_289,Substation_A,70.03037723686862,0.6265511204294507,381.0576260411146,15.090273118274474,9043,0
TR_290,Substation_D,101.573417074768,4.195423373367112,397.9795246467209,88.3482993001615,10416,1
TR_291,Substation_A,49.967841202545216,1.2863351064546291,287.571894240959,23.24915043438521,10643,0
TR_292,Substation_C,78.10493908109183,5.925726772899736,392.6460553988105,10.714905307697698,16081,0
TR_293,Substation_A,72.88276412749029,4.146553174420128,232.12051403117042,55.562027257662315,2407,0
TR_294,Substation_B,79.74452530325212,5.473799455745991,111.22129543867523,67.80366755630777,23808,1
TR_295,Substation_B,41.17716194835463,0.4292159147588357,180.42839540959213,7.757692914010892,9716,0
TR_296,Substation_D,96.68805408136984,0.7698569267618455,241.48876479772653,60.99099929179688,9237,1
TR_297,Substation_B,100.5876883614348,5.75895476569519,38.501809190535845,50.24480945587363,14257,0
TR_298,Substation_C,76.73365693329859,0.6694662543895196,252.71387320072597,13.777525754379115,4674,0
TR_299,Substation_A,85.282303551998,0.6629281493455429,392.65935633729487,19.664529540440775,16208,1
TR_300,Substation_D,99.96245977652421,0.19565695435561087,84.14198341565377,53.27781527186684,24149,0
TR_301,Substation_A,85.9705112303709,7.656361046565893,319.1120953524695,30.19039714862951,9797,1
TR_302,Substation_A,49.91503778942699,5.926316039726155,364.0805295740515,84.75683693536186,2490,1
TR_303,Substation_C,77.45874341084286,2.890686127166307,378.0436211998861,74.59291950614431,6096,0
TR_304,Substation_B,79.43647801488564,2.4426310921724763,384.45288571812443,88.60321255366135,16874,0
TR_305,Substation_B,67.56849363465508,2.8626555149922117,213.36925910137407,27.07202131078519,20882,0
TR_306,Substation_A,87.86887531560699,6.2197628963313365,391.15008411668646,87.42650878782804,4275,1
TR_307,Substation_D,100.73385595998596,5.324827827456273,305.3509807824312,41.65487893228242,21529,1
TR_308,Substation_B,100.16195333894046,1.563044986152997,73.05186013241513,34.53909760166914,18945,0
TR_309,Substation_D,69.30455914126858,1.4754637491392666,195.99104152250828,9.279709792395025,21371,0
TR_310,Substation_B,47.36047297964909,0.8773256327358389,290.14915839508154,9.485046918066223,16206,0
TR_311,Substation_D,104.01467793255175,5.316391485640571,106.4627231694425,63.82095675546565,15145,0
TR_312,Substation_C,94.52837561898572,6.138544031551714,259.8399215840661,43.92396452689237,14168,1
TR_313,Substation_D,48.10307427821235,2.193866783767532,269.9741868281815,24.254338213068984,16460,0
TR_314,Substation_C,99.8547223701292,0.2654651921442112,73.4529000853407,57.18747603764477,11857,0
TR_315,Substation_C,96.54326353403835,0.749156173063776,230.38327185657496,26.49294005125945,4935,1
TR_316,Substation_D,73.7244737131947,7.746094275275741,310.934495281657,54.09869911927592,19528,0
TR_317,Substation_C,78.43290332342039,2.4340137420716204,204.56930916901734,35.53274349352868,16304,0
TR_318,Substation_A,65.93517575155846,6.176862867921256,14.720215542681895,75.00193926200461,17929,1
TR_319,Substation_C,43.559506523432034,5.034842193948684,13.52500294092395,74.75917366517623,15126,1
TR_320,Substation_B,61.78782070698356,3.117323153257878,149.24144414830474,45.57478384040411,8451,0
TR_321,Substation_D,92.18547415887075,1.7249293713448854,371.21568668839495,34.81962429347632,6949,1
TR_322,Substation_A,40.30108149529919,1.058952703459311,99.18394404540742,35.81758270752304,19565,0
TR_323,Substation_D,61.67744615992437,4.9586024475070465,257.401838659958,73.48573468179852,3699,1
TR_324,Substation_B,65.88096508341131,6.219606867038525,96.60958957039503,32.89525603779702,7268,0
TR_325,Substation_B,74.93071419096498,5.186843602974932,135.45129596722398,22.77004676508191,9630,0
TR_326,Substation_B,99.79061506682943,4.2893868526683505,340.73641494457877,12.19850905940108,24324,1
TR_327,Substation_C,62.51248963378748,0.43141466510992654,294.25596248527927,44.66891527517471,9133,0
TR_328,Substation_C,62.5519581232548,7.751061342995632,47.205718152152144,45.98122840818656,19434,0
TR_329,Substation_D,87.93758112713365,6.4098421140711395,177.19378818470912,76.47724038424711,4725,1
TR_330,Substation_D,69.39416615783746,2.413294089937622,21.376207821653143,23.80528919791544,17480,0
TR_331,Substation_A,54.599313491098826,7.84176560193492,197.5471571751735,37.38425826181399,6554,0
TR_332,Substation_A,69.40856854862507,4.854864558126945,268.34926456341657,73.71448780596373,2005,1
TR_333,Substation_D,49.15570632468699,4.701138999837247,56.21602320327911,75.00800691366275,9553,1
TR_334,Substation_C,51.465154122904515,6.009778117493304,122.66512617457461,37.691941458195295,16249,0
TR_335,Substation_B,72.39390522806619,6.512981325912087,165.1562839458412,44.02554197936787,11332,0
TR_336,Substation_D,67.23015421779562,5.286180997918871,368.6170996158594,30.77930072218905,16844,0
TR_337,Substation_A,99.4649835694265,1.1119563962929804,397.369456014956,84.26716466564153,23352,1
TR_338,Substation_C,63.55560344258115,2.7723132973565376,27.515406608290185,15.084720088034326,24120,0
TR_339,Substation_D,77.73824276807282,7.431860758575793,306.7930901632029,84.36870095512495,15283,1
TR_340,Substation_D,81.09717871476948,1.8744633335664305,154.97238589691386,63.128648406004174,2051,0
TR_341,Substation_C,40.85113967824169,3.0401194883163556,163.05869262949722,50.18363297837215,15654,0
TR_342,Substation_D,83.1299291810862,3.5134073752591486,304.1633396053389,7.77602016668215,14299,0
TR_343,Substation_C,51.57233784653384,3.5712994185861726,368.18630853670936,45.425676304870706,7352,0
TR_344,Substation_B,102.46957063551459,4.9422227017067515,380.8621518559939,39.658588925232245,1949,1
TR_345,Substation_C,49.66307730395234,7.55029911818319,235.0778085549451,18.703599017885416,22837,0
TR_346,Substation_C,66.95056804225655,2.0014724234767893,149.2772521271961,60.79481629755584,24926,0
TR_347,Substation_C,45.54772842511185,1.0598608727772527,317.1441434849239,87.5478271263043,3159,0
TR_348,Substation_D,104.79682636998658,1.660016869893505,107.8905394722971,52.78604894048463,8009,0
TR_349,Substation_D,72.64267567153077,7.106706711653229,229.98887124507192,65.75402849773539,24777,1
TR_350,Substation_C,78.70002612580285,5.201905419976128,149.84559999470054,10.818288468111426,24329,0
TR_351,Substation_D,44.359971030247785,2.358663634989365,266.0861187460717,40.501694644444555,3221,0
TR_352,Substation_A,88.74743057594657,6.545980817852076,103.75557602846769,14.89047123898215,12944,0
TR_353,Substation_A,53.64386355121307,6.904822971271145,84.72124883658205,57.08764602060339,10137,0
TR_354,Substation_D,98.3735288136464,6.787463275653196,368.11324380342046,84.77098344820314,10990,1
TR_355,Substation_D,53.33407663133047,7.35951961575248,49.70343635031939,61.25110726008927,3425,0
TR_356,Substation_C,52.39470184313833,2.0927040593695567,207.32358401662336,11.52825910672583,10324,0
TR_357,Substation_B,42.375728410126165,6.064831237095598,96.13258535557348,35.14662742373204,23988,0
TR_358,Substation_D,70.68435143214995,3.7382620284657064,25.182685697010307,51.80638725247238,6740,0
TR_359,Substation_A,76.71467366207007,6.751788567831486,24.047339133656294,39.27265927132644,17396,0
TR_360,Substation_C,44.2710615628429,5.855076349576744,78.33649112127266,75.85974089038965,715,1
TR_361,Substation_D,90.40929508517569,6.233934827347825,348.0404382573401,74.24703540034908,7799,1
TR_362,Substation_A,69.4637742586218,5.283678517680465,120.16671015104039,57.00563670877382,12023,0
TR_363,Substation_A,74.0853675062927,1.5016872788106845,380.6790765243653,36.74392533627994,10864,0
TR_364,Substation_B,68.64957855098483,4.405712659285813,236.83269426578548,26.70359176987575,3653,0
TR_365,Substation_C,66.04959895689619,7.878890942243615,180.27953400981878,13.999317048115993,24334,0
TR_366,Substation_C,76.37662153503416,7.5053657253272394,236.2346455210873,35.1663030963571,2206,0
TR_367,Substation_B,50.090615985496314,0.44107251279639226,211.51237023824442,40.11966396265616,10798,0
TR_368,Substation_B,51.825328482192624,1.4020370442625534,305.9227389653568,62.44494863384626,2067,0
TR_369,Substation_C,96.01606536587863,1.1406573102910391,120.17346572941238,60.943585065293746,10900,0
TR_370,Substation_C,101.49750503868613,5.835241288883834,147.68965272411793,10.95919186950684,10845,0
TR_371,Substation_D,64.26510555818393,6.560504105869866,358.6967779879678,38.59704181164841,1628,0
TR_372,Substation_D,57.598403754330995,1.7867397938543084,379.11804012865815,20.451203713475763,20394,0
TR_373,Substation_B,81.85997031053603,4.096236274319449,358.09770871972506,18.329079951928485,8367,0
TR_374,Substation_D,66.56772112137627,6.74155392128848,173.5847176433523,75.3206827276659,19249,1
TR_375,Substation_A,41.650113117922416,5.8891322036533795,314.34254617268385,8.56279342088189,6083,0
TR_376,Substation_D,50.14991882880237,4.383673923385602,195.77093598742854,40.630544451680315,5397,0
TR_377,Substation_D,86.53819487508085,4.7637467546243055,204.04054233697985,19.297310740154046,22602,1
TR_378,Substation_A,82.83005622415985,4.116048320638612,89.82524253234074,79.74306833267029,6501,0
TR_379,Substation_B,41.761239512726426,2.450632765418683,240.5408182708214,52.348443628377986,11613,0
TR_380,Substation_A,54.42819052564171,4.563673743586227,82.5930001238057,24.66735409203208,5067,0
TR_381,Substation_D,55.01986177822464,5.542193886195716,139.31023263620557,47.706319409142,9771,0
TR_382,Substation_B,83.67302833391734,6.9992510353003805,343.46177863177473,67.17634057476485,14848,1
TR_383,Substation_D,41.28118495403367,5.12670169643606,90.75956559223354,86.44003075815188,12203,1
TR_384,Substation_A,46.7670578289973,6.112860142640948,37.75173121763879,23.73791036086061,13829,0
TR_385,Substation_A,91.99454554925731,1.3645659161411268,36.91296111899835,80.32545063099434,3241,0
TR_386,Substation_D,51.60540303353169,3.7463040479163405,376.90596299621205,84.41584970423668,19904,0
TR_387,Substation_C,82.42849701037186,0.17371979663403703,207.6989708051155,82.89574628522563,6756,0
TR_388,Substation_C,55.48188076803722,2.048763029720822,169.67070800863715,59.01022033326234,728,0
TR_389,Substation_A,46.463690529357436,5.839047549392738,326.2426465930882,58.53475562695015,17178,0
TR_390,Substation_A,55.806192414964514,7.935298615659971,335.97211188510124,39.27290382062493,4784,0
TR_391,Substation_C,86.94735057061784,0.8835069867390056,139.5545029150858,68.95381999582197,13764,0
TR_392,Substation_C,95.62027042690858,3.2718050953041775,280.51104241478015,50.159991559829216,13890,1
TR_393,Substation_D,93.96429119685445,6.42056065272336,310.73789818223577,62.58223605440503,23685,1
TR_394,Substation_D,65.81692942519956,1.711881513568301,265.3137678777223,41.418921827147614,1418,0
TR_395,Substation_C,83.425533877092,4.485171099488062,69.12207917203875,67.17719944366682,11945,0
TR_396,Substation_D,53.32397920202836,5.891263238634431,351.5944025716522,75.08007899638667,998,1
TR_397,Substation_D,59.05460246696586,4.966285057055415,220.2468755670434,17.44708181123937,3309,0
TR_398,Substation_B,98.26182820387278,1.5853954034617876,120.16424628430144,75.79902582380939,5461,0
TR_399,Substation_D,40.84512502819784,2.9075380926173415,175.83899232070064,50.925205202176116,9517,0
TR_400,Substation_A,45.558054505540426,6.291955097434638,24.652725255573877,76.79660227266906,4279,1
TR_401,Substation_D,53.51260658449178,4.478389461642931,59.86805247674285,41.66064503898624,10550,0
TR_402,Substation_D,41.72459325179828,0.14131394698901062,308.5632327011857,37.21844125755798,2618,0
TR_403,Substation_C,51.793303280836824,6.111827004221941,10.004537554592796,82.7801622639639,6891,1
TR_404,Substation_A,77.89770146302999,0.3789597040278887,172.46067310809394,26.34938774161411,645,0
TR_405,Substation_D,67.39259578851237,5.991296883576734,213.77897062337948,76.75804764932217,14429,1
TR_406,Substation_D,98.02366122000336,1.6995964253053757,31.307423800379194,46.14174866329935,24826,0
TR_407,Substation_B,93.13383151299865,7.668780492943104,389.5004835592098,48.698112616857074,15417,1
TR_408,Substation_D,62.21812786036194,3.0067319352864676,98.18887918737205,31.21980392660614,5065,0
TR_409,Substation_D,56.862523173034006,2.682759769070825,128.63750065814952,53.70858705261633,17076,0
TR_410,Substation_B,64.68000653087235,1.276215597626313,128.53757977946066,32.64295168347796,22071,0
TR_411,Substation_C,78.3691712634625,2.5142733023726977,99.86249822576646,8.337900210540447,7137,0
TR_412,Substation_D,57.424136653486954,7.025541018442785,10.574790613661452,28.119881454270264,8743,0
TR_413,Substation_B,80.56967901019371,7.971041267255254,294.44446969431857,5.542218689560208,2910,0
TR_414,Substation_A,66.61175739243063,3.009645291004102,387.0697449217213,88.16015689983281,2320,0
TR_415,Substation_C,75.8830667553787,3.6440239845408864,97.47445848116757,87.08851283467854,19848,0
TR_416,Substation_A,68.34822439379559,5.804360411801623,268.58840480333475,38.58820028514593,3021,0
TR_417,Substation_A,59.140274370224645,7.100946665674089,299.3395675138989,66.91152261886991,19452,1
TR_418,Substation_B,101.64946495254019,4.785050240075595,340.88589784530467,34.39351836488612,6382,1
TR_419,Substation_D,89.63437662038444,3.193053015604852,174.82538683530757,62.042918352307964,2367,0
TR_420,Substation_B,49.107356424819415,3.359712542704128,128.1430531997674,73.46155365890823,7965,0
TR_421,Substation_B,96.45041843336433,5.595383357324774,136.86510226898213,85.47428079884047,24486,1
TR_422,Substation_B,71.68302788621838,0.1254242824738016,287.92231990842,39.01804344722212,11961,0
TR_423,Substation_B,98.14589474811595,4.994755765932741,328.54399193719803,71.58032855126406,20083,1
TR_424,Substation_C,91.99059163657549,2.908394782486724,80.82944742507503,27.603918303730097,6603,0
TR_425,Substation_D,67.63887779050017,6.374158917088965,154.66699318152843,89.17824582246011,12697,1
TR_426,Substation_A,41.46050504080763,0.8346260546027441,361.7566767321685,7.190415894969847,15924,0
TR_427,Substation_A,57.464028360021494,4.746797908892285,324.6104726809483,56.29994855259528,16553,0
TR_428,Substation_D,75.20622395295635,3.899685830100378,394.09477707736556,61.058008440362805,740,0
TR_429,Substation_A,81.17608428869957,5.174371654651297,304.1568212760115,63.48387235130095,20324,0
TR_430,Substation_D,56.76269955315815,0.61234339641545,163.34612840088968,15.232944197072566,5131,0
TR_431,Substation_A,49.058144814733566,4.681871920682237,240.34875525790872,84.77503159521609,10099,1
TR_432,Substation_B,94.27046539195445,4.535728244880238,267.79555915645494,20.400578719257037,12194,1
TR_433,Substation_A,103.98614174573089,4.52921474588775,40.59776836367834,57.93403927538649,5577,0
TR_434,Substation_D,74.16986184967458,4.867552566111993,222.3538140505074,23.92746672546222,4268,0
TR_435,Substation_D,51.15915358013973,5.4440967040882615,286.63512310431776,31.113395446808028,9642,0
TR_436,Substation_D,57.69997622375898,6.459413097478081,75.25530856041355,51.44897604689057,8495,0
TR_437,Substation_D,41.19539397558534,2.2315836890128935,314.4463697959673,40.461440577989,23313,0
TR_438,Substation_D,99.42942242643244,6.61789034042249,237.67138440050354,18.619176083003033,13776,1
TR_439,Substation_C,47.65382038785917,4.036219889881283,381.3664964220619,19.529594205772106,20489,0
TR_440,Substation_C,77.47357090842648,0.7087604051612162,26.54469630068776,40.54230699383797,13246,0
TR_441,Substation_A,57.81358934466839,0.5625523410274357,113.47719364663212,69.36905315341757,11975,0
TR_442,Substation_D,76.02157016352658,2.7404827176988804,244.60601292693138,81.32699498206203,19057,0
TR_443,Substation_A,82.34232524287117,6.300686119180593,125.65836576031298,12.150851292047541,7068,0
TR_444,Substation_D,93.9332172409681,5.690679384453234,288.6254239877845,38.41383214254909,3101,1
TR_445,Substation_D,53.41738266443921,6.330058220912011,306.0120601835531,13.520872916444514,19541,0
TR_446,Substation_C,40.71472886280123,4.186425545888714,49.981225985925036,6.41036085377082,6580,0
TR_447,Substation_C,48.89756595447247,3.5775720838483758,210.40324104063941,61.24608802473631,14354,0
TR_448,Substation_B,98.50121172012683,1.2648749609796432,208.4673166805118,56.20820256715996,24209,1
TR_449,Substation_C,96.80285504156349,2.6927227535135616,154.01950038406102,18.856624674265326,2659,0
TR_450,Substation_B,78.83185164107005,3.5287529927736148,373.8406964021721,24.87409081291045,20714,0
TR_451,Substation_B,79.03359592818747,0.7999433944689761,332.7274647505563,7.015159059784063,8813,0
TR_452,Substation_B,83.22738384550661,1.8428344264185692,281.91165894475836,75.97051248402431,4868,0
TR_453,Substation_B,51.399133110524225,4.825979823103537,288.58738793664907,87.84870066412688,1817,1
TR_454,Substation_B,99.43677648512238,5.911738602489599,190.06929608711644,16.514060627548716,21377,0
TR_455,Substation_A,67.22008411798475,7.9869453400043025,369.1878632276646,24.67539317005034,13772,0
TR_456,Substation_C,64.90400433621733,7.4715953176141054,280.8922166287813,78.81480953548939,1730,1
TR_457,Substation_B,73.72965084338443,5.176265076328013,294.3026140457684,83.7494228262757,18017,1
TR_458,Substation_D,43.05278784037858,3.427859621023169,346.05945247706467,40.66832753857888,24491,0
TR_459,Substation_C,50.808418969145166,5.125801181195039,116.8879198434545,9.302910142871301,1801,0
TR_460,Substation_C,87.97218506771408,6.306647782833832,324.7576525080142,8.34830586388965,16427,1
TR_461,Substation_B,45.38191341513322,1.03485590829476,86.1438351530319,53.78573861586589,2410,0
TR_462,Substation_A,79.20488711531523,3.3382486286006774,144.68336137550625,38.396084255920215,24966,0
TR_463,Substation_B,55.94769212928586,6.734438056521376,140.88807716523866,7.435456344100634,15404,0
TR_464,Substation_A,65.30421491272847,3.132280320271048,391.62493267176484,54.57645334656733,8607,0
TR_465,Substation_D,58.76509289009549,4.617790942694773,344.04951726169145,5.96071561006691,24854,0
TR_466,Substation_C,63.118726570221696,4.743377950811365,283.4562460202013,71.9266164426882,18800,1
TR_467,Substation_D,86.73798383697596,1.557362399755751,293.55213703000214,31.046789929786584,23880,1
TR_468,Substation_A,59.31291151550637,2.9616599890530786,229.2083898170027,8.421930255784728,3257,0
TR_469,Substation_A,76.81630161929832,2.7426391810612643,379.3653601723224,55.00993878356803,6964,0
TR_470,Substation_D,70.94327614294147,0.30695399740331186,203.540913624121,38.80317522680965,17062,0
TR_471,Substation_A,83.13862574857214,0.29111493474170647,158.40190684925886,87.7730351353577,9588,0
TR_472,Substation_D,100.89393305610926,6.67040664503861,73.5837814033205,51.256886312814686,23246,0
TR_473,Substation_C,87.61718631866627,2.257259398785218,316.62020438181264,28.395330388145705,15624,1
TR_474,Substation_D,53.971124608399194,4.192822253286642,296.4331335094807,65.30230349388785,14760,0
TR_475,Substation_C,42.0269037789835,2.459932031351307,159.89846502441262,28.076820216130464,10243,0
TR_476,Substation_D,57.04716287948863,7.53136603641119,19.82543144409945,81.86067976964303,9183,1
TR_477,Substation_A,78.68006549551657,2.1484443950396126,337.2089578100242,36.851367493127,560,0
TR_478,Substation_D,43.34267787647627,3.4942888206375873,14.453013547088716,51.738827835977446,9769,0
TR_479,Substation_A,72.26380606808036,6.9945689788283545,284.4429140553299,9.298713825059453,23565,0
TR_480,Substation_D,78.7947851795978,6.751275177655288,388.40027279316223,41.22030522593962,3395,0
TR_481,Substation_D,61.72585290310245,1.570201200985591,180.68791797779934,75.75090087118457,15823,0
TR_482,Substation_B,90.10929324347842,6.440882147386112,101.63962794842158,73.48014845588406,12852,1
TR_483,Substation_A,46.92888645369517,3.719676405229352,284.89969391691886,24.067077502549733,12375,0
TR_484,Substation_B,44.883955812827566,3.9154540894743066,328.6799753860782,24.216721035897827,17469,0
TR_485,Substation_A,87.33226915323422,1.154491782085956,223.10782327036046,74.47095153812512,6323,1
TR_486,Substation_B,72.2069355534029,0.7367519586812847,387.143757349897,84.08386571439267,12462,0
TR_487,Substation_C,84.74615576780283,5.850720525092745,30.15080144660483,13.105678308205302,1034,0
TR_488,Substation_D,68.26377700924351,4.022043103606868,206.87028333876597,43.25498435122915,20346,0
TR_489,Substation_A,56.01613216054194,3.5511205506599186,290.19703945579454,33.68361371195947,4511,0
TR_490,Substation_A,93.24165064882298,5.863115006353934,346.4297837481798,79.00851871388234,20282,1
TR_491,Substation_D,91.96203213298365,6.147551902029767,79.90968864403811,12.099617747801595,2655,0
TR_492,Substation_A,85.15527060553774,1.3553745245878932,322.00135788783575,22.945705117433178,22850,1
TR_493,Substation_A,57.689433919947575,4.920778680873366,225.55575953023265,68.95980869485203,24213,1
TR_494,Substation_B,78.36499334649066,1.1692972499937158,164.65593597608566,9.359977163403325,7457,0
TR_495,Substation_A,63.463303301101746,6.035863179629461,61.36886114584649,46.86550736071459,9696,0
TR_496,Substation_C,45.95283476623122,5.289945734510402,347.46534597447584,42.5790979477762,11191,0
TR_497,Substation_C,99.62538240504578,7.657255506559318,71.33655119008898,33.424100214043634,22209,0
TR_498,Substation_D,48.89321100973249,0.6447683292157274,130.8172650915487,38.538646802108524,13827,0
TR_499,Substation_A,101.76542799835215,0.5507322970949091,123.11775746535038,50.0449498890698,21587,0
TR_500,Substation_D,68.99037524226712,2.3292778900762814,349.8514733344332,18.716225463012563,3206,0
TR_501,Substation_C,52.03364037451028,2.1674749015136574,272.35416774147023,53.61964965410539,501,0
TR_502,Substation_A,75.22356157959328,2.0511325126687985,320.7057449046352,73.46174799049884,9725,0
TR_503,Substation_A,96.74147933196653,7.25941118611619,107.6824805290746,69.61367903216352,17988,1
TR_504,Substation_D,87.59461761662148,2.0714149788110983,253.7008988467296,18.08149189897076,15320,1
TR_505,Substation_C,92.42647461099423,2.248402836416185,232.980933426062,17.686204928025283,11391,1
TR_506,Substation_A,82.82091883619663,6.0992462731019135,334.8038469474257,27.794821258317633,2361,0
TR_507,Substation_D,84.9979766936604,3.652944755359266,363.37395358769163,35.69135173898816,5769,0
TR_508,Substation_C,95.19771735174575,6.236013399945931,14.741140876180854,39.71872441972102,23827,0
TR_509,Substation_D,56.22842057584708,0.6163926447586434,272.86776843292915,62.774263430834345,11612,0
TR_510,Substation_B,71.81262263680414,3.951812430019736,30.21596165669432,9.817836734096009,16199,0
TR_511,Substation_A,54.378613718274146,0.36554744144793283,224.0548793801688,7.947179859215643,8820,0
TR_512,Substation_B,104.19842051978206,0.5949603072973008,122.1767643270345,38.312397850232266,17321,0
TR_513,Substation_C,101.36385707962987,7.260855881420847,129.64287381363505,64.25891383172834,21730,0
TR_514,Substation_B,42.562742738952885,1.2000384318290018,147.65381634641906,21.442004151301017,11240,0
TR_515,Substation_B,85.86238621351976,4.306123389974215,252.30405512934794,59.5278809067814,3629,1
TR_516,Substation_C,100.14114063201828,3.347655260545582,140.27948661082,27.085391724925454,24965,0
TR_517,Substation_D,51.73739743327668,2.8440122774448575,295.7526297302094,80.3173192491489,17785,0
TR_518,Substation_B,76.91643998592092,7.208683430929453,167.76568037380918,81.1336452626624,14880,1
TR_519,Substation_D,99.50673934322272,0.2724048345263671,36.65774812088386,30.269412363912753,11860,0
TR_520,Substation_B,42.206488608076924,5.3439385207871535,315.66633856880185,24.549469086875444,5898,0
TR_521,Substation_D,85.3323173710446,7.710816030287048,121.44574659115534,39.96083762562966,23562,0
TR_522,Substation_C,59.3276854792158,4.525328649348551,178.77908304371243,25.44518474031264,6029,0
TR_523,Substation_B,100.08575269947448,7.500897450061426,277.3231144565416,62.15262667979481,23488,1
TR_524,Substation_C,103.1187859357489,0.5128372463595878,139.65790128799767,75.21549818660426,4418,0
TR_525,Substation_B,101.37732179237321,3.4084672206858753,32.068405897219094,62.21283112745345,17951,0
TR_526,Substation_C,70.82392408273515,2.1552465486002044,155.8292083349973,75.0697880161947,16910,0
TR_527,Substation_C,96.03277231430538,5.873485623347765,378.3349472507783,38.7443337876353,7437,1
TR_528,Substation_B,94.89571090477958,7.852247014928249,260.2764149464377,18.286942510253173,24148,1
TR_529,Substation_B,60.741530760811614,2.126587493309558,271.8768679802107,67.72583052879534,7618,0
TR_530,Substation_B,93.87950581979402,5.267979351645188,256.5900399186795,35.640332937032085,17431,1
TR_531,Substation_A,42.40549625650702,1.6649712988019472,87.60693419418035,62.05802014447627,11360,0
TR_532,Substation_D,78.75754210133346,4.566109011115718,173.15020699988926,28.00473506845008,5838,0
TR_533,Substation_A,54.9505744237007,3.765066644837856,302.86652136169414,11.904518958567177,12972,0
TR_534,Substation_A,47.83684757552312,7.778842104089143,49.53543004573207,89.36945261645988,3640,1
TR_535,Substation_C,45.001958105898595,4.907365454302085,118.36258267498778,18.277128174100937,8496,0
TR_536,Substation_B,85.25877043207907,2.8611003394858687,117.76445230168291,89.01578448689588,15989,0
TR_537,Substation_D,62.091872644924294,1.0013567006146737,178.48738176185734,88.06879426814803,18474,0
TR_538,Substation_C,87.10984014936949,1.294849947005983,392.34380896745216,72.47453883218337,14701,1
TR_539,Substation_A,44.248162151931254,1.8800037466147574,36.325993206690555,61.0509517769698,8276,0
TR_540,Substation_B,60.49387195898967,2.0826366245883543,212.29338780843207,54.1135992713422,5443,0
TR_541,Substation_C,75.06693400439693,6.819866856944989,79.95222598476208,78.61863135711594,13386,1
TR_542,Substation_B,91.39700571453264,4.533660027431947,388.5638527098002,29.602359337656473,9497,1
TR_543,Substation_C,60.718912690584546,4.234788199857495,54.18836684371104,44.752903061214546,8298,0
TR_544,Substation_B,80.68293946840559,1.006674087766818,167.4043909210206,57.648147396152666,20675,0
TR_545,Substation_A,97.58855363535216,6.895103577460536,297.77514408549644,39.95119044890674,18241,1
TR_546,Substation_D,80.0311072318498,5.810232995347021,284.7762269307037,41.336348597672774,8592,0
TR_547,Substation_A,55.142365858986196,0.6345800590100125,174.86416838863357,33.07419673767717,3725,0
TR_548,Substation_D,41.58605080117497,5.691897268115173,145.1444255015601,52.95970441818557,12310,0
TR_549,Substation_B,96.55642680356044,4.393951917006904,165.06882763561953,77.29883488128486,15414,0
TR_550,Substation_C,41.382511705275164,0.7456302313995482,113.06774263186932,22.129912130536592,2960,0
TR_551,Substation_A,96.85560872447296,3.7205750680763865,90.07984609565193,84.42680829404252,9237,0
TR_552,Substation_D,74.38091371176878,3.9291006683273713,198.3854820479671,63.57245056859952,14420,0
TR_553,Substation_A,101.03940040333825,1.4096188672898786,114.72816486636685,74.97822307780257,19612,0
TR_554,Substation_D,91.92091032528825,7.57101536130223,122.11004930992755,52.27620887355099,23610,0
TR_555,Substation_A,104.86571718466693,6.814805434697229,266.1348647550773,71.2589196210454,11254,1
TR_556,Substation_D,62.79626800436116,5.385276464899956,387.72955936295796,6.377033773854713,24365,0
TR_557,Substation_D,89.86723878052325,3.752134931904797,245.4185082181563,74.56233610626049,23314,1
TR_558,Substation_B,66.12550938460075,3.3529477785176174,40.02199215533685,8.411803022256155,11333,0
TR_559,Substation_D,71.19191531975407,5.2426903904925375,39.47760940308612,80.64263699084331,3614,1
TR_560,Substation_B,80.78785510919406,4.408911768314553,381.0550561297707,89.31683351528469,17500,0
TR_561,Substation_D,96.78901242211202,0.5919575364668964,125.94340821986012,29.995734285026113,15860,0
TR_562,Substation_C,103.96542549795419,4.14877092528562,45.90612457216542,22.87707728429246,20528,0
TR_563,Substation_C,89.93777190119368,6.4705885761394315,243.62738898864882,70.05588592793346,23297,1
TR_564,Substation_C,67.15484084087669,3.727995033015969,253.2230235332038,26.507238978221523,18087,0
TR_565,Substation_D,67.38820514800956,0.5104569626787205,262.91687984628834,78.57280256963729,10451,0
TR_566,Substation_B,87.94284960327795,6.311597775133861,114.2867908644411,13.74162033338552,3065,0
TR_567,Substation_B,55.52051447493965,1.690773878874198,15.893166843645263,15.706191692245453,3674,0
TR_568,Substation_D,47.180817353540654,2.1431045956155064,386.355994087244,88.22788218355232,19965,0
TR_569,Substation_C,63.050440246650474,1.4011801921151377,107.84828781952997,62.27630635295039,3130,0
TR_570,Substation_C,58.670534457515316,2.7086990124848307,273.6502523404935,76.98541407646098,3661,0
TR_571,Substation_B,59.260027829639355,6.078336894940216,285.5856492526967,32.56799707487903,4821,0
TR_572,Substation_C,55.184503818244146,4.203148290081105,247.9028926609994,62.50111870925137,13704,0
TR_573,Substation_A,42.73605732636352,1.7185620657906293,132.0338837433228,55.51055532123076,23153,0
TR_574,Substation_B,41.1618057576719,7.034857617401123,115.72753896798565,56.2677602104505,7599,0
TR_575,Substation_C,104.20195533284205,7.04869665411708,243.09063025405422,63.015259060706335,24260,1
TR_576,Substation_B,67.80525369283106,6.977569557863455,347.7772971085597,53.90552971597338,11860,0
TR_577,Substation_A,64.98123206537932,1.9864900699141606,379.22615428012426,41.470301390726604,10813,0
TR_578,Substation_B,84.17707337504953,3.664790819029806,51.30326371746548,28.45342902234648,14002,0
TR_579,Substation_B,54.18650271122917,7.881418283512913,70.38315891311075,70.32941312762217,20962,1
TR_580,Substation_B,101.74747695676464,6.198898562848924,378.4471409254011,24.233156550270827,6301,1
TR_581,Substation_B,91.11242593701088,0.3146226276819226,297.2487390505691,63.8501160231252,14630,1
TR_582,Substation_A,45.81171515029687,0.6151162709578872,354.3675916836115,24.833289925192766,14771,0
TR_583,Substation_D,67.14275042602034,3.765057876817429,89.02672731278383,58.15306444612858,16575,0
TR_584,Substation_B,97.1426899915407,7.282839626306325,239.15848973266674,68.50165270596746,4651,1
TR_585,Substation_B,101.40758144894167,4.3557442038264425,283.4444418228147,23.590680557055833,9411,1
TR_586,Substation_C,70.38109823124154,4.0327188134708924,275.2436353243193,10.095180573211204,19484,0
TR_587,Substation_B,79.87174029869601,0.9332422296573817,169.17915943801228,16.132768154504795,23059,0
TR_588,Substation_C,50.85720649598489,5.288562827321923,16.004007759610307,56.50974221803717,13361,0
TR_589,Substation_D,104.42596069890348,6.594614968741781,237.34116215366262,77.20294452918752,1166,1
TR_590,Substation_A,55.05866058992382,3.1053180593097425,108.70960028004741,8.82472980501107,17167,0
TR_591,Substation_A,101.27756531878316,6.227333622310087,185.59915599572724,67.40285701853993,6340,1
TR_592,Substation_D,82.22703218450394,7.719365565816411,383.45659588268876,34.012084905754435,4065,0
TR_593,Substation_A,79.50289166712585,1.709755027108744,165.62377388054955,45.67491144315942,10926,0
TR_594,Substation_D,73.32475321607305,4.234304086438456,337.5226265991264,83.95306173687308,21477,0
TR_595,Substation_D,54.993537761654316,2.368389868868147,83.53083624220794,33.217577902546864,18349,0
TR_596,Substation_D,51.474322080358036,6.363549910367331,272.25959422976126,44.55363938485632,21618,0
TR_597,Substation_A,54.3316035895614,4.662987590461144,391.03271223118793,6.163005254657894,23141,0
TR_598,Substation_C,52.11848703937655,5.1132010986474,49.73830934044535,11.93589120041126,7866,0
TR_599,Substation_D,90.67299078183896,6.403521860965563,13.244777468604884,26.980285246456642,16130,0
TR_600,Substation_B,62.75814184583746,3.228166734033394,179.0972891267196,7.367440469791324,20556,0
TR_601,Substation_A,43.759773976620764,7.329211540415641,46.12393839003321,58.66690271410133,7882,0
TR_602,Substation_D,102.99167095915274,4.310928051244505,301.8698963737302,41.24386032813791,23471,1
TR_603,Substation_D,97.44608252262267,1.3478431003992495,366.673978900938,51.59234223188187,16649,1
TR_604,Substation_B,100.30389840768885,5.597603033533539,179.26817935641594,19.84501080118801,16371,0
TR_605,Substation_C,104.66900847201829,6.36676466846221,110.89754044062197,30.15422250211237,13773,0
TR_606,Substation_C,51.30319119926668,2.602417248833461,179.4172944125778,61.42508036248164,1492,0
TR_607,Substation_C,65.75573122867281,6.871716130290149,292.14464896150037,87.05073150858398,7358,1
TR_608,Substation_D,89.28550092076594,7.258531712649555,13.531123016344681,9.28542575618778,2621,0
TR_609,Substation_D,85.2413401734965,2.2875454502846906,239.8870558990319,80.68266727269761,12888,1
TR_610,Substation_D,50.00323391209058,7.869819634450255,249.18375710607785,54.034902111452716,19107,0
TR_611,Substation_A,93.02915312439015,1.2116210715851916,258.6984162894148,52.933163174228014,21406,1
TR_612,Substation_B,54.58863716938294,1.695923780379671,104.38861119254211,47.52367549265963,20072,0
TR_613,Substation_D,54.5481449634705,1.5553762299804066,288.48056211746945,10.898497301855588,20121,0
TR_614,Substation_B,74.90333748807188,7.1625187090621765,45.6426796693928,12.639532397573657,4636,0
TR_615,Substation_B,78.5410957647107,5.268911163367199,87.71543122205232,56.07752048102232,17227,0
TR_616,Substation_C,77.70560350945772,1.301623837455956,352.21331819524795,33.98147857202245,13153,0
TR_617,Substation_A,45.946644430854064,3.578555005109957,298.1020287833609,82.96778565910286,15979,0
TR_618,Substation_D,97.03495607097472,4.960854398051436,15.360766064424649,39.56019567555514,21588,0
TR_619,Substation_C,57.2640027682659,0.759366271416128,106.86674154422208,17.178923989724492,5323,0
TR_620,Substation_C,48.41846988338227,7.0710893104179755,93.61852836733418,65.75110084767306,5420,1
TR_621,Substation_D,97.76862519148352,6.448467929988128,115.61446793441931,29.93504082248584,20085,0
TR_622,Substation_B,102.11734738493396,4.091133511255442,106.5483104091557,49.66497612525092,5971,0
TR_623,Substation_C,96.03829512225428,7.740300260547446,34.38525533970984,64.31578676793944,17772,0
TR_624,Substation_B,92.61854485711707,3.400311736273288,188.98680147275994,81.52244945217598,10033,0
TR_625,Substation_A,82.59072874153641,7.874471520388333,295.7660551666044,72.33625155814246,7627,1
TR_626,Substation_B,75.80572908959405,5.376567990548653,246.6253726398002,62.49069076918155,4220,0
TR_627,Substation_A,45.65413939424166,5.113903058706137,272.4199507532511,62.76882050358721,19767,0
TR_628,Substation_B,66.54945884959542,1.4110436728367017,41.64817962913327,85.40359474272735,16196,0
TR_629,Substation_C,64.2247536058004,7.067229290606687,381.08137696894704,30.145048287205565,21096,0
TR_630,Substation_C,56.8839959444212,3.47716853457286,337.0118151987797,5.0945280066759295,23845,0
TR_631,Substation_A,87.02230738975803,1.381643905681587,323.98522421330847,28.116137548846886,19299,1
TR_632,Substation_D,72.2319227801201,0.19959940780849644,330.9636839662893,23.52076726827324,19885,0
TR_633,Substation_A,45.268004033997116,4.522069900743222,373.75709817177693,61.255939734689846,18622,0
TR_634,Substation_A,54.311908126737734,4.266457014769143,222.2590467843421,58.86548598006997,1864,0
TR_635,Substation_B,84.41181963787373,5.782893616716352,88.1099869683741,55.44421752990152,3208,0
TR_636,Substation_B,44.94850586686951,7.1330386188406365,250.54560706249106,6.380692672803565,13482,0
TR_637,Substation_A,95.32844941316996,0.7273120186799332,299.7237825304962,66.94613462830503,17808,1
TR_638,Substation_C,72.18452425590833,5.878822273688862,297.7877834080699,32.50008506126678,651,0
TR_639,Substation_B,71.23812752623212,1.5805543583708996,213.36511942508324,61.529759065563645,24928,0
TR_640,Substation_D,78.50650600286865,6.879598719941595,36.69890054009544,52.309166422683035,17796,0
TR_641,Substation_B,93.6042627851347,6.570601759507083,154.73404598774985,34.13212866137211,2821,0
TR_642,Substation_B,62.60759851364255,4.3722706643858,369.09897730070935,16.43898270384916,14365,0
TR_643,Substation_D,84.07104991633913,5.710918109124161,237.93507480539614,13.025606301140881,995,0
TR_644,Substation_A,76.77257765972641,2.5833658941516124,219.94945786972823,75.679058314539,12487,0
TR_645,Substation_D,57.356837561012384,3.8222264015692358,114.85287060905547,83.06379107693243,2648,0
TR_646,Substation_A,97.11094911308527,6.590931491912726,153.6950787674658,60.231983974965466,1056,0
TR_647,Substation_A,91.83269140445033,3.72819505766839,359.184974769736,13.791899763141087,13893,1
TR_648,Substation_A,82.79936925279766,2.9266062960709904,269.9205885354659,39.17231343550046,2052,0
TR_649,Substation_D,95.28781239112573,4.0042783332773695,317.0809404334098,66.95983200893836,19004,1
TR_650,Substation_A,96.37412306238716,6.643169094254025,187.1947149963855,71.28477514085579,3585,1
TR_651,Substation_C,86.04359348647726,2.748143574229895,255.79641558790158,15.04858289474253,20388,1
TR_652,Substation_D,94.40586634363868,1.472716585772376,106.86960740985094,5.0026111018575055,656,0
TR_653,Substation_C,85.33564500850343,5.7249107606131675,285.12972381055965,65.53164889985143,9426,1
TR_654,Substation_A,84.20915016441953,6.6252278803938465,176.76452014430154,35.31067495882748,24389,0
TR_655,Substation_B,80.20973958398699,0.8950360803359133,182.59275077775078,26.63091318755212,7662,0
TR_656,Substation_A,88.92658157124669,1.9950054907719634,263.23570658498386,6.096284932109662,22407,1
TR_657,Substation_C,50.309331844049794,1.221578719111852,375.14944237288137,50.92544957472747,24427,0
TR_658,Substation_C,97.25659934793035,2.8487371514991167,34.96247517736216,77.34781251120845,8555,0
TR_659,Substation_D,96.66982930344008,3.6577727333527603,331.64986256533297,86.39868993316998,5154,1
TR_660,Substation_B,41.90107339724634,6.015728062010121,124.02941306075532,53.08832080212959,23134,0
TR_661,Substation_D,93.67808878670957,5.244065920565226,183.12858725748734,48.72921285789101,11968,0
TR_662,Substation_C,48.37654138577394,5.005335683079606,18.546198222253494,12.229792766585494,24130,0
TR_663,Substation_A,61.782725526844224,2.88376207821627,127.40797035538208,51.65418813112098,654,0
TR_664,Substation_B,88.3280366589545,6.747435669369604,206.0261846257509,37.29822171205854,8450,1
TR_665,Substation_A,50.44939324314004,3.8231686224455004,31.908670165501213,56.60649887510404,15823,0
TR_666,Substation_A,93.16785656773905,7.834929010319721,201.5273344594344,38.04173956950647,17880,1
TR_667,Substation_B,94.08872156725323,5.109722892536321,371.57314525478665,25.425425493281175,5126,1
TR_668,Substation_D,72.98540269445435,1.0974914583595716,51.10335506204404,13.072048394412002,19789,0
TR_669,Substation_A,40.41508166159418,5.441802740395929,308.1318839494467,31.768067790056136,14759,0
TR_670,Substation_C,58.657478656369335,2.6683217219104223,169.77171081663712,13.214810914458944,15373,0
TR_671,Substation_A,80.10024969442324,5.52198485382017,265.5177486644918,20.036240820038635,13516,0
TR_672,Substation_B,103.77710157178252,0.6501650704830053,111.49227321423945,88.9235734792614,9869,0
TR_673,Substation_B,81.06787925608344,1.4815633536900794,72.20198239112973,42.748802337062585,653,0
TR_674,Substation_B,56.88723276917038,6.860324345355712,72.5804195657783,50.20910015292641,8353,0
TR_675,Substation_D,81.21037070147474,1.8947185004857678,37.491858800826414,79.25757494266331,12879,0
TR_676,Substation_A,75.0990496815306,6.712624889419226,82.40221491148478,89.62335654170846,16292,1
TR_677,Substation_D,90.68995068482434,2.3062810987898428,269.0455601456976,54.53072819429793,23365,1
TR_678,Substation_D,46.9537415237523,5.178767089463791,353.85933861896814,74.0602747887546,6099,1
TR_679,Substation_B,89.46681366263182,5.583789530727665,327.50901738055313,32.78998706861739,18600,1
TR_680,Substation_B,75.18232761394717,4.149972549845918,277.2023808510488,30.988236383019743,15285,0
TR_681,Substation_D,102.59448025083465,2.5119543459041775,53.06842673033004,39.22981628453762,11549,0
TR_682,Substation_A,62.22169079251459,1.7798905733316595,122.78310405542044,62.163117327260174,1286,0
TR_683,Substation_C,81.12042305370663,0.3621959010431671,130.8246813757629,62.986293586683395,4868,0
TR_684,Substation_D,100.58182685815113,2.5011765698017183,107.48320909507228,31.79535194520332,24980,0
TR_685,Substation_A,46.66313231939415,5.259986045197135,210.852207286792,16.32284355161344,15423,0
TR_686,Substation_B,100.91985167036933,7.512608065743013,218.8659878030723,58.75368179956823,4772,1
TR_687,Substation_B,84.71257194955287,6.982515409878111,149.18553031673298,15.907698286044983,20651,0
TR_688,Substation_A,44.409408841836175,6.15191173462889,147.97777190721004,54.17186319949305,6494,0
TR_689,Substation_C,59.56263185154306,6.3287340117010595,333.1366831833717,63.94088088478626,24100,0
TR_690,Substation_B,86.0311857619433,5.353380737460363,317.8242108446774,64.55197719352839,20310,1
TR_691,Substation_B,44.37778909547016,2.156266174771424,130.0403743554908,69.04512940606573,20667,0
TR_692,Substation_B,77.84107991145777,7.266840742576056,366.37749311057115,79.19305083308149,22311,1
TR_693,Substation_A,62.48239870194219,5.398785264056089,381.59785663097733,47.49651431700702,7511,0
TR_694,Substation_D,80.35950865488601,4.527480984745475,137.42959139171592,67.07118111001355,24936,1
TR_695,Substation_B,42.97323219781334,0.9768168067865005,148.22573002929138,57.629682506096124,20585,0
TR_696,Substation_D,96.64989239990446,3.631738796070761,207.19731983456396,20.86439488280302,14586,1
TR_697,Substation_C,103.2767829965308,3.736830342495218,377.0371168881327,7.1836198138996945,9761,1
TR_698,Substation_B,102.97706059356995,6.930052515229093,351.7645789255015,29.18601778253937,19233,1
TR_699,Substation_B,88.7273690632901,4.418520939483528,50.00150540760002,42.65786503869765,7511,0
TR_700,Substation_C,48.45560560849108,3.1051643368662365,163.1649898758523,57.45400527643579,23939,0
TR_701,Substation_B,89.28710773538647,7.816722595234209,225.814764002411,77.24654309277246,1712,1
TR_702,Substation_D,41.5981495698221,0.9746926872778938,206.22166429510062,21.680885920024078,23849,0
TR_703,Substation_A,41.43803084938482,3.4381325836643626,85.60659649538815,15.671732141370553,14641,0
TR_704,Substation_D,61.034664244720176,0.4319949338541018,344.93854075558033,86.89579553531784,9844,0
TR_705,Substation_A,71.76180737630327,5.9452425540587495,274.0069053687666,14.183787546994605,7204,0
TR_706,Substation_A,90.07648215750656,7.35280476237329,336.7842661922034,45.67174095911108,16396,1
TR_707,Substation_D,84.41419947942283,2.312294903448867,344.91806894629417,54.77291694743066,24317,0
TR_708,Substation_D,68.98367591448864,6.880899246713055,301.8587829296385,51.016825777132254,19395,0
TR_709,Substation_D,57.78573330830828,2.4085240206489926,181.29213448738977,12.312733347800172,643,0
TR_710,Substation_D,104.81309251025122,7.29508427698693,248.11323445601556,9.847287690307645,11181,1
TR_711,Substation_C,67.70178464533825,6.056299038414593,72.54250838669984,13.966091334188032,7867,0
TR_712,Substation_B,69.34015658142891,6.458763537047365,272.721712815214,54.77495312917206,3728,0
TR_713,Substation_A,50.6355483774585,0.24225178924359056,79.90876973831949,51.26931544891729,5082,0
TR_714,Substation_D,91.6626206687454,7.706201820884805,280.6403402989612,24.86796732312326,13647,1
TR_715,Substation_D,85.08934467579675,5.840700837355554,99.54328269404778,59.21080205687528,11897,0
TR_716,Substation_D,54.35002483126942,2.5075336535504533,55.84500705858579,74.7057376747302,6531,0
TR_717,Substation_C,45.35476796502977,6.652217852384891,74.46095115575339,8.53421158696047,4743,0
TR_718,Substation_D,84.23245463485635,2.324017467477947,10.776932735437404,47.341045201583604,14147,0
TR_719,Substation_D,82.54322892827379,6.994755332572411,290.3084509628768,63.59138502872867,11996,0
TR_720,Substation_D,57.76186925488361,0.9893850842543024,295.6364091327678,26.4465138009234,10049,0
TR_721,Substation_B,101.80613154627667,5.659119221940286,210.8240064661712,31.160526949917674,15646,1
TR_722,Substation_C,49.818762965758516,4.3715179654947915,72.93149241159963,57.15922175409762,19597,0
TR_723,Substation_D,68.10176206776913,0.8626223145439824,42.586191629169,81.32449994271764,4685,0
TR_724,Substation_A,101.33503481089393,2.010961243244828,17.460296910541935,73.84357572574645,12986,0
TR_725,Substation_A,67.28227560019795,0.19799188659078684,74.64178901643608,54.5660686234646,7828,0
TR_726,Substation_A,81.50418659816556,3.8032669271695965,357.43365864342724,67.06884600936618,21517,0
TR_727,Substation_C,65.84363586758163,2.4799955600040033,104.19936826365588,36.00990996766289,20076,0
TR_728,Substation_C,57.82398815266355,4.827024125952295,148.16581761471411,59.482069888394406,17184,0
TR_729,Substation_A,103.95854711738883,2.448178680898076,51.08473894771994,44.62543524584234,17607,0
TR_730,Substation_D,66.6067104104778,2.4693609809051793,96.7209088517864,21.14457159889268,22578,0
TR_731,Substation_C,98.11644823914374,5.971226269979667,212.49758260427998,64.64775327956687,3510,1
TR_732,Substation_A,54.9470493829206,0.48032840422899226,247.0235464073045,52.29949417464987,6055,0
TR_733,Substation_A,53.851805761630416,7.232870462016699,105.68740252482232,35.482834466055266,567,0
TR_734,Substation_D,42.02371538749324,6.832884607690334,32.51554209779571,82.46383115668361,12685,1
TR_735,Substation_B,82.35834364943253,5.375656997488611,162.50281895968547,6.779400015272328,19390,0
TR_736,Substation_C,63.95421234204447,4.7864504038483355,101.33931466127032,31.84071785620716,2037,0
TR_737,Substation_D,96.1832862395764,7.149189735303253,95.62603005962275,9.834918811099957,17281,0
TR_738,Substation_A,70.75864393495121,1.5641084182768443,384.3464930582476,70.1548218788383,12049,0
TR_739,Substation_A,102.9325728144569,0.723856381307546,250.35718951103237,64.67913359967237,6180,1
TR_740,Substation_D,52.05915852070287,1.9921303422853511,227.1825928371174,33.16493859258695,21709,0
TR_741,Substation_C,96.4605059171147,6.377168401731503,172.15229037409554,62.431346687601206,9247,0
TR_742,Substation_B,90.47879543146321,0.37389510713921825,177.28829003775627,38.65466422665574,22932,0
TR_743,Substation_B,90.10991990186338,4.704173997159568,220.9529514968515,69.28157227090692,15616,1
TR_744,Substation_A,94.91090982759769,7.963956377911349,281.6076247440818,43.605611332620015,20545,1
TR_745,Substation_C,89.46655941129492,6.859999141316561,283.83697751091347,40.04377686569157,3441,1
TR_746,Substation_B,80.704320906042,4.219420943444357,76.96062400512533,84.45204281650558,11349,0
TR_747,Substation_C,48.530917049355196,0.6027631833644745,205.0439733098845,26.32472349070952,7567,0
TR_748,Substation_C,42.11420166693137,6.667850763647108,170.66365706329978,15.238023899708061,21975,0
TR_749,Substation_A,99.85511010801964,4.831930214599963,349.50551684505984,54.68616462705395,10651,1
TR_750,Substation_B,80.08227044384797,1.007970676770578,256.2533792751668,87.39235404415521,18485,0
TR_751,Substation_D,91.77492391345146,0.841472550104514,217.67658590223292,37.11633316681087,18364,1
TR_752,Substation_A,71.29895284831575,7.28605187354908,55.00391044977778,10.27312490844643,23114,0
TR_753,Substation_B,47.625032282555644,5.3866820772108195,246.19877683613046,33.840947721313235,20160,0
TR_754,Substation_B,48.13707649316578,6.651365714602369,55.709523215291036,48.004190617162465,15626,0
TR_755,Substation_B,84.56174366988313,7.043933312229912,141.51056447064332,18.763455563738166,16113,0
TR_756,Substation_B,67.96988316846507,4.6170015811817455,65.70836627758942,60.93868853480183,6947,0
TR_757,Substation_B,53.03410723552189,4.187826178864826,279.90872233950387,89.80869806586705,5999,0
TR_758,Substation_C,71.9536455381934,3.5003765415358226,90.43832439609952,43.397855458422725,6773,0
TR_759,Substation_A,44.17358090988372,2.6038780435498428,162.82515554333014,35.151927322068076,1799,0
TR_760,Substation_C,77.82814112443592,3.533308090783823,359.3131632713237,39.05985418092966,22702,0
TR_761,Substation_D,57.484571288281344,6.2136492802682355,89.68338952559841,14.787425163592097,7201,0
TR_762,Substation_B,91.84134154141722,4.855195105019539,208.04397494392384,80.07825612122902,5494,1
TR_763,Substation_A,60.17352733003229,7.150933990643284,173.5159478547486,40.26018071931492,16127,0
TR_764,Substation_B,69.58930969031708,3.6027021135955835,17.068376007834594,37.91832497111151,7989,0
TR_765,Substation_A,40.75533509402654,4.896007671878157,319.175664293397,61.073673199090315,8769,0
TR_766,Substation_C,44.70904770664633,5.087329669426711,36.92790346269389,42.5728407791455,3331,0
TR_767,Substation_A,65.51208116643451,4.774407582219972,194.9594581810119,60.09984484866691,12102,0
TR_768,Substation_D,71.19602425661303,5.650806807375579,228.66453502619046,10.222934661116938,19605,0
TR_769,Substation_D,79.00133562775474,1.9757244001609697,255.08631807968897,74.16648421638934,12319,0
TR_770,Substation_A,58.958067616104714,4.147673842611746,278.5663354300715,84.94283599474922,18416,0
TR_771,Substation_A,85.17382259822526,0.9233759421859467,108.77622957385888,60.14505782354781,22137,0
TR_772,Substation_A,95.9079558172983,3.1376394883940195,13.891722896795255,86.13810395299892,2496,0
TR_773,Substation_A,90.69031427806775,3.952569842107989,292.14302831841565,17.871746721446883,22195,1
TR_774,Substation_D,42.57522364764321,5.252571650409233,218.90607374555566,45.58037610583006,12119,0
TR_775,Substation_B,71.23295157175889,7.609195315431008,336.085904250827,56.15357238536302,17161,0
TR_776,Substation_A,46.820461597181364,4.845143425732012,330.3414615312708,54.44761503080087,3589,0
TR_777,Substation_A,55.73292603106429,5.974391937794822,338.8972054372744,39.124251222568674,1023,0
TR_778,Substation_D,104.13306856236451,4.0995018700121015,199.18691739202066,33.73717479613222,21159,0
TR_779,Substation_D,49.26221028859836,5.109421847873017,140.1150743763776,15.780041916785597,12910,0
TR_780,Substation_C,72.42772997433815,0.6603645074568101,318.7076990106343,38.29810829779365,22249,0
TR_781,Substation_A,80.18012273067774,2.1096934886505916,186.00470408140941,18.826169283966237,16232,0
TR_782,Substation_C,85.66022308536677,2.958639436320596,81.54245659733945,67.42108250183855,20006,0
TR_783,Substation_D,76.37716442664941,3.8326975045514575,343.439867628975,22.75062951704015,8667,0
TR_784,Substation_D,40.63510508224694,0.4606250894688315,354.19835194121544,9.978050949185377,5690,0
TR_785,Substation_B,61.21998503585947,1.2061903706712098,191.86080489466636,51.95112171446492,5075,0
TR_786,Substation_A,73.65125682000624,2.286833031551316,39.52289365081711,55.594527281149134,8227,0
TR_787,Substation_C,45.711322444414165,7.7751082581183,161.2521750676032,79.11261020884297,15878,1
TR_788,Substation_D,62.790750528596746,2.7176413561141013,323.3796871904153,54.043437055502956,2297,0
TR_789,Substation_D,42.15820207143883,3.9081243590854524,361.69187113302917,34.36587256649288,2631,0
TR_790,Substation_C,45.10760231507635,1.6491719306333044,89.35436957406237,73.25600992973725,24206,0
TR_791,Substation_B,65.80001295310375,4.925162561498569,36.1197086898559,50.92370592093079,15400,0
TR_792,Substation_D,48.626524012798924,2.317397402576197,352.16667672180705,11.738824193651299,23384,0
TR_793,Substation_A,76.89015513700127,1.7352413696635718,161.86792620176138,53.097297626625966,17699,0
TR_794,Substation_D,84.81522299392228,4.180923764723234,221.28677606434968,82.1815763608413,11832,0
TR_795,Substation_A,92.03813544209038,0.1434958133673245,387.54566669979596,38.68657316734875,7166,1
TR_796,Substation_C,53.009765875912656,0.1605458579288801,35.96024388654691,30.187693161483004,17026,0
TR_797,Substation_A,50.88636784683953,1.8306435919046766,262.84402290631726,17.194903846531705,12979,0
TR_798,Substation_C,46.79690962173602,0.390098763756487,38.90111480419816,17.87286936450537,1910,0
TR_799,Substation_A,81.36796622033638,0.9534034576324619,156.43288210193515,41.78557616905461,13165,0
TR_800,Substation_C,85.92092222164857,2.776999129776138,323.48767262544425,55.63278505373001,1034,1
TR_801,Substation_A,42.05309941366673,6.440426868680522,179.0541707746974,11.85230943941615,3864,0
TR_802,Substation_B,100.85379600583984,4.619184282617477,398.9011180221507,84.86333006713909,17916,1
TR_803,Substation_A,43.37813343734571,4.150075035055689,228.03312112917484,69.18635748284166,3842,0
TR_804,Substation_A,75.18426179456958,2.418561703344161,135.25323952802188,54.86303305411133,22969,0
TR_805,Substation_B,86.08893376430956,7.46085438351925,95.84341710285372,75.41728702981422,13965,1
TR_806,Substation_D,96.61299304349556,3.2364188257738142,146.70300837160312,11.81587432902963,5000,0
TR_807,Substation_D,86.4156505886078,0.7880328576865948,155.2879767662248,45.531304607315576,1672,0
TR_808,Substation_A,92.11232539953647,4.97482547733063,36.79833431234478,58.55791578324139,21401,0
TR_809,Substation_B,62.064262515282394,0.9993233084651512,154.13393777644154,75.43549702005458,8507,0
TR_810,Substation_A,92.9636323935233,2.827262828133368,191.05302269829772,71.59491260418775,2141,0
TR_811,Substation_C,45.20746501500388,4.10855431587069,291.8677233731338,28.55088622563897,17355,0
TR_812,Substation_C,98.1630826439343,7.006357945012889,266.1244990414271,84.97481441253237,19824,1
TR_813,Substation_A,75.59350444999285,3.9990179846869376,286.41860553937016,15.56939652162398,9238,0
TR_814,Substation_D,93.12435504756209,5.647844251650148,13.261835931974268,79.38635758279793,5226,1
TR_815,Substation_D,69.4006884936895,7.943253028092656,94.89028583640906,87.52992121639258,12289,1
TR_816,Substation_A,81.83255018777413,1.138764047194055,268.05687247594403,20.058049473923173,24554,0
TR_817,Substation_A,74.21617296084736,2.270379051604204,198.7558535901014,66.37561545732174,11517,0
TR_818,Substation_C,87.55331891409656,3.217150997221407,12.07225551065492,8.42426909612987,20607,0
TR_819,Substation_D,45.305948831988324,3.4324426104567682,323.75291054841074,39.46094013682817,863,0
TR_820,Substation_A,43.92288545938665,3.347066494597812,311.39573358323156,48.88408043180229,10858,0
TR_821,Substation_C,56.06171021065952,7.270126920196784,223.88347356748943,54.354844202318894,3809,0
TR_822,Substation_D,50.37040420735724,5.740857891288166,35.92069705274613,84.55466610112755,17429,1
TR_823,Substation_B,96.66593182849311,4.902451191316559,308.940869317708,62.141308420006546,3740,1
TR_824,Substation_C,54.24890917827288,2.5440444711159786,237.64829921523193,45.908625853635144,7165,0
TR_825,Substation_D,103.43124162824353,6.607944035348228,314.96439109160406,73.8223780826006,13421,1
TR_826,Substation_D,61.898226465121944,7.644978040731413,303.1813270343778,85.79528978112477,2436,1
TR_827,Substation_C,51.837664519765454,6.5874664321467895,323.1708080635565,6.875622637994722,14468,0
TR_828,Substation_B,91.33040296426114,0.11236433101263595,212.0231458978037,88.5143081417633,11697,1
TR_829,Substation_C,82.81600540755696,5.127570824448916,64.72656209547085,12.321231820412828,12498,0
TR_830,Substation_D,72.38272156945403,0.5039695133925958,271.75141461807857,74.22287623784472,1382,0
TR_831,Substation_A,76.09863081094602,2.1350970406364027,251.98477617026853,28.82845396687006,20724,0
TR_832,Substation_A,86.74811558769716,0.5702451327473963,299.47874300764397,16.235270909079098,7423,1
TR_833,Substation_C,54.849558186534416,4.869984078300163,76.25359235978677,42.38772937567597,21495,0
TR_834,Substation_D,104.76170454368823,5.524060316591593,86.0403279611128,59.73630925304715,14208,0
TR_835,Substation_A,103.3615555395409,1.0044523407206505,357.2597117155381,37.38090682699538,5704,1
TR_836,Substation_D,82.27116961255089,3.132327176055338,302.49134139630763,9.638059704029411,7788,0
TR_837,Substation_C,52.97025931039443,3.7042684207487824,364.20911059312596,55.95419687099091,3703,0
TR_838,Substation_A,84.21483575803393,3.015518871911241,305.89897525392905,81.70427846940736,2744,0
TR_839,Substation_D,44.69289658364643,1.0560975038330251,242.89056933621774,37.573306105516394,518,0
TR_840,Substation_A,41.99241264337739,3.409687542481056,265.1117674408707,23.3882860986203,17525,0
TR_841,Substation_C,56.74938775322889,6.034306577686503,356.75989033660386,42.61907440428931,3583,0
TR_842,Substation_D,70.07049218805557,0.6609605498127182,235.73463425965681,9.110830439146374,22084,0
TR_843,Substation_A,96.43771285154473,0.7334221112470373,256.6326164880711,74.74144468082336,9021,1
TR_844,Substation_C,87.26598953481002,2.9026932055042756,71.02591924140422,75.23896893076588,17749,0
TR_845,Substation_A,88.27592387799876,7.539633121789508,194.82927584528005,54.98003939151842,1273,0
TR_846,Substation_A,67.6570667391249,5.381723909111021,289.3948736636586,35.01374555976311,5232,0
TR_847,Substation_B,62.48577451555259,5.461492657713261,115.66765234338251,72.98158597789158,20402,1
TR_848,Substation_B,64.11751959399918,2.9591679276191334,88.87913040456861,52.14839710701121,7295,0
TR_849,Substation_C,104.19722164284376,4.789920250547453,132.39245520752206,75.20424622675138,7484,1
TR_850,Substation_B,42.60709744181136,0.1800363538191727,104.18524491720504,58.67399736955675,3067,0
TR_851,Substation_C,96.35704724795916,5.1251587666353835,93.81592844419438,71.67446522308776,16621,1
TR_852,Substation_B,77.61390155720557,7.31496688585227,175.69182871855392,55.877854423509596,2174,0
TR_853,Substation_A,68.51000224732338,4.939330399924072,364.0570204145783,40.20199079833163,11375,0
TR_854,Substation_C,87.14174792698387,7.002218888384125,207.75326222810014,86.4253980937217,12072,1
TR_855,Substation_C,71.63348119260569,5.819387138182141,83.28894851797598,50.994675114701806,1239,0
TR_856,Substation_A,96.77251047530794,1.052411489589153,40.01895105854089,56.43260907594576,2045,0
TR_857,Substation_C,98.5456211607318,7.22938112755815,281.50089660379086,23.741449350253685,9827,1
TR_858,Substation_C,67.41186024677461,0.6249063704106216,159.29151813019126,58.1803171013185,5627,0
TR_859,Substation_B,57.99380682027835,4.318343033127333,330.5140691682901,53.58665020605023,23831,0
TR_860,Substation_C,78.50277135856854,1.2228832779683156,267.20919976990035,20.71126382549712,23504,0
TR_861,Substation_D,99.30361746508491,0.19248222477414212,320.5341657111337,10.064903275017215,9565,1
TR_862,Substation_A,53.69304228536833,3.434070655008348,116.058955373195,56.37054217575554,21439,0
TR_863,Substation_B,80.49282793162638,2.4308215904678345,280.01997975981266,69.91384289477725,10992,0
TR_864,Substation_B,81.05141430601384,3.939403901001064,112.98417403055032,49.4891165283707,22529,0
TR_865,Substation_D,87.65234645699326,4.659879105202951,376.2367069856137,24.275673152169883,14249,1
TR_866,Substation_A,48.551899533271886,0.44553867124068414,258.185969798016,61.65436801890797,24008,0
TR_867,Substation_A,86.52862270433576,1.0717260314775907,136.5596020683834,11.80898676181619,9545,0
TR_868,Substation_B,99.08711384326666,4.51327493195836,115.10962629398632,42.55586490816614,20616,0
TR_869,Substation_C,51.67940207656573,2.811022090064,84.46136817794097,18.886174463865714,19167,0
TR_870,Substation_B,55.440316120052046,5.860470551640639,280.90997396855386,20.679019340090086,10021,0
TR_871,Substation_A,103.14068111270657,5.253104023876324,95.29908906919165,22.19498567844731,9169,0
TR_872,Substation_D,51.76350192611683,6.780274467620264,242.16827371172073,37.87009984873812,11783,0
TR_873,Substation_B,95.53503106902264,5.57069333068688,113.20766050088936,9.347767477733798,7498,0
TR_874,Substation_A,71.99806066912225,3.4964555113821705,268.1678884696087,38.812442478973345,13940,0
TR_875,Substation_B,56.07001983620651,5.416436316916016,327.82649413081026,48.49513300474957,13197,0
TR_876,Substation_C,96.59874358271324,2.2755112766178067,313.42984482641475,46.08001422213764,14233,1
TR_877,Substation_B,68.94484157517326,2.5198766403478805,306.7320190630049,37.53664853425845,22297,0
TR_878,Substation_B,73.46312800542987,6.332982763374267,83.2117382199783,76.32746168601396,1769,1
TR_879,Substation_A,63.35016901098477,3.6267141795724993,44.4701293239623,17.352768855742852,8368,0
TR_880,Substation_A,78.54180534327028,6.407204690094985,282.5900431100804,47.98422322141679,12873,0
TR_881,Substation_A,50.62905171802648,6.5971367519793995,153.655413379797,10.273520441307115,19487,0
TR_882,Substation_B,65.42029988236445,6.8747424675241415,178.61502829730546,11.048232704622329,6461,0
TR_883,Substation_C,103.01180095179369,7.341418363145538,22.148146189422516,53.77859722255319,16234,0
TR_884,Substation_D,56.77867312557329,3.5047832420550407,111.23481521726919,53.11156611546478,10161,0
TR_885,Substation_D,82.68788319518399,2.619047864736997,23.133797511040967,79.63284859177884,9069,0
TR_886,Substation_A,61.137354174605164,4.6993700980935,352.88245131448656,52.41926243110622,8057,0
TR_887,Substation_A,90.27575316962904,3.032262145157258,104.92470645522688,86.58223673441226,18564,0
TR_888,Substation_B,48.50678794669274,4.84848591772184,227.36149613347314,9.13906211399403,8933,0
TR_889,Substation_D,103.03836793010541,5.6741283148862145,25.20193505784086,13.33065320636299,16153,0
TR_890,Substation_A,69.49632018993655,5.538399646087881,270.07048260920664,8.745598233482418,9611,0
TR_891,Substation_C,55.34328011752016,3.058967807458959,135.98066484409662,20.7485322783509,6182,0
TR_892,Substation_C,44.77728857645082,1.4181955934201473,360.1884829134897,51.00795943004264,15979,0
TR_893,Substation_A,51.03426383069015,3.5011817738514397,356.36609368427395,59.87363542133138,15547,0
TR_894,Substation_A,73.78530665614115,1.226493738247079,136.86334116108162,8.874738425636847,8584,0
TR_895,Substation_D,61.90520646803361,7.131766577952086,361.3747493192825,85.40752563687595,22251,1
TR_896,Substation_D,93.87741878236962,2.832431939829074,398.50149266452377,76.58405701528238,16953,1
TR_897,Substation_B,68.00768903801739,1.320232003064258,331.91210900833977,30.212060983352917,20808,0
TR_898,Substation_D,56.16642771819595,0.301037303255432,339.4998256245393,11.560940069249776,6700,0
TR_899,Substation_C,80.11442412926195,5.201996851663226,107.11340708254507,19.44040122361987,10778,0
TR_900,Substation_C,85.94051909755399,5.131528307892472,234.91393555452495,15.790275169172677,2507,1
TR_901,Substation_A,50.85772401356174,2.7907729159922043,36.22980644727346,15.479121240410482,16302,0
TR_902,Substation_D,50.895249058740646,0.6665239218964429,47.01799536045119,49.077743536587384,13829,0
TR_903,Substation_B,42.383642750680295,3.3360682696723334,399.5681186929833,25.897032611939025,3279,0
TR_904,Substation_C,87.86613097926664,2.5586182110008093,137.38930727610528,35.44187590497728,21804,0
TR_905,Substation_C,83.14729429541734,5.449253053906574,301.79172569905006,89.10795333766741,1255,1
TR_906,Substation_B,70.8510069237379,4.885656070676253,324.59937068045843,63.1667111586543,6995,0
TR_907,Substation_B,94.87107918299782,2.980290452760566,344.6290756928194,85.66335669899512,10687,1
TR_908,Substation_C,92.36855994175346,1.8213511786144219,399.07503598684104,17.117307177814826,22819,1
TR_909,Substation_C,78.04803368578888,7.905484132629176,104.18362925017846,37.481855360768385,10013,0
TR_910,Substation_B,96.43763323336181,3.6866128074493076,25.736822475282885,52.15220327900011,19214,0
TR_911,Substation_C,53.379678652389934,5.537366462663873,170.36469201788853,11.524435260542731,22589,0
TR_912,Substation_A,47.27477526085231,1.2103684438690503,60.73146123328931,5.355932708376418,17900,0
TR_913,Substation_A,57.53372474860433,3.936158627309243,18.7460967732015,61.98691837273799,7847,0
TR_914,Substation_B,43.710645645805464,0.31754008696877734,150.56646258517958,59.554658928122,14749,0
TR_915,Substation_D,74.52601932006708,4.0930954314925545,315.6579179193422,39.917048849967,15379,0
TR_916,Substation_B,100.8793699991725,7.715737516229848,230.81046957777764,46.61974646272277,14557,1
TR_917,Substation_B,42.55733014345313,3.135233032587822,131.98341579203807,40.31265505032761,12557,0
TR_918,Substation_D,47.93714441065174,0.40806849934180156,265.19338214216066,7.040428811815553,5438,0
TR_919,Substation_D,69.3929368384233,0.3445507482628139,100.48709032043618,33.506586528484306,19722,0
TR_920,Substation_D,100.70187613931381,3.165095403580269,15.60876396811316,20.051991708769634,1237,0
TR_921,Substation_A,60.55014682348879,1.364196998059233,308.0978207102067,13.366056073616344,6700,0
TR_922,Substation_C,72.97026256474551,0.28448156099266875,253.25980309696354,86.32123688059474,8871,0
TR_923,Substation_A,42.702235838275485,6.0740875502063965,307.2980235553744,55.94557662858408,17115,0
TR_924,Substation_C,49.642308062535776,3.7223317701669365,25.18582650818959,66.93578416011123,18801,0
TR_925,Substation_A,104.13095799232505,2.385033698583971,336.47665485395436,31.805918177619986,9034,1
TR_926,Substation_C,102.73271526834296,7.210657145830198,251.6152180141583,38.41750600699129,22802,1
TR_927,Substation_A,40.321098760736625,1.0174977855841525,229.72418677792965,25.138539481221496,3123,0
TR_928,Substation_D,101.86776605251053,7.651758748747022,253.5994787646673,13.242082032061104,9146,1
TR_929,Substation_B,81.54279595800753,2.5803370672810875,347.128966278662,20.21768918253462,14043,0
TR_930,Substation_A,96.41468914380144,7.118389011238581,238.90523755797375,72.7886938502013,23285,1
TR_931,Substation_C,69.55809061620084,4.863248724187746,236.57064815638995,62.59139344062095,13317,0
TR_932,Substation_D,73.51374185765127,6.630988141957751,396.36487125564867,51.488954458765534,23956,0
TR_933,Substation_A,71.77502771669981,7.873703989362668,305.12476515674155,45.38263919367529,19160,0
TR_934,Substation_A,83.34617674049679,2.3784029587680915,182.49458412594277,83.40691411077057,24277,0
TR_935,Substation_D,49.07733155916034,7.692970334719984,285.8848300128418,11.182470561186815,20758,0
TR_936,Substation_A,41.948283341724064,3.1769069697291212,161.7998839597975,28.851069125222857,21414,0
TR_937,Substation_B,60.01544620342741,3.1455440474216867,99.2614303685646,34.7447175535107,24048,0
TR_938,Substation_A,85.80424957788203,2.7890581236105954,242.7722319862262,71.50619403808696,4997,1
TR_939,Substation_B,53.12047438799164,4.377120098045923,371.9910182644411,89.36374271376756,8433,0
TR_940,Substation_B,83.77310816611963,1.3177458411100482,372.3644128060305,25.45699375435801,19019,0
TR_941,Substation_D,103.04428299697258,4.4743207343282885,143.34305846114123,79.31612340165185,7227,0
TR_942,Substation_A,46.10354652631219,4.379468018039032,215.79421182646104,75.60293463670226,12656,0
TR_943,Substation_D,83.71913768463321,6.119024319578473,92.53800044224587,24.095878799550164,18449,0
TR_944,Substation_A,68.84376425479712,6.685834699306926,398.29613270456457,38.94326931693392,17192,0
TR_945,Substation_A,96.42924653453784,3.5794866674681503,392.63598406849496,39.822193889864124,9127,1
TR_946,Substation_C,51.51473631408008,2.4884326698768007,263.30848258590447,88.14875682475746,8868,0
TR_947,Substation_A,85.0206868947007,2.1487456888050467,323.7214832742146,20.37581161720636,17022,1
TR_948,Substation_D,94.47749382712716,1.6375283099684885,288.889062900643,72.92842754390648,17077,1
TR_949,Substation_B,101.3999242658115,0.5554158993722966,241.33170542539258,33.406380704714344,20141,1
TR_950,Substation_A,84.41112183882697,2.805339032794236,30.805718825670102,67.12397939097363,16077,0
TR_951,Substation_C,72.31635966054777,2.234956767833188,187.3580935955378,40.70093536513134,20119,0
TR_952,Substation_D,80.1600706130789,7.734697348344618,273.1666578452901,54.160579864905905,13972,0
TR_953,Substation_A,96.47882399111668,4.505899727375347,274.23732941463703,75.77200073272114,1442,1
TR_954,Substation_D,77.08963353152393,2.84348860834101,155.5178211847296,73.35407302363015,5120,0
TR_955,Substation_C,41.975158880294394,4.685694047850198,377.2598747966319,78.64597060087452,22604,1
TR_956,Substation_C,100.51166520795356,1.1996539406309947,75.2692425723446,10.067472654296017,16695,0
TR_957,Substation_D,84.81923881705147,3.607945618697403,205.14018402406865,63.82429700837831,11654,0
TR_958,Substation_A,83.97337007552102,5.047251139226404,279.4447508548209,16.89892702134984,6853,0
TR_959,Substation_B,54.018884905851614,3.962292871160366,281.8829642978056,40.344578281564935,21841,0
TR_960,Substation_C,82.82755556512271,3.2740525251691617,262.96919313983807,51.63001527964852,9645,0
TR_961,Substation_A,65.6011863675203,7.951402272307615,117.36240324622547,39.232856203480615,9994,0
TR_962,Substation_A,82.33014350769699,7.054486620976523,70.92056178778256,49.16699244325564,14062,0
TR_963,Substation_B,46.9285469700194,5.0249070694595765,258.01672746241724,89.70473624788262,20265,1
TR_964,Substation_C,82.75994479919734,4.598081153340034,243.72782529438072,16.49347166559265,22723,0
TR_965,Substation_C,104.96189217509333,5.0032177906142135,79.94884401280397,62.41376385359617,3380,0
TR_966,Substation_A,43.13378252593614,1.6903656517972228,285.0042667725197,38.66008214277729,21771,0
TR_967,Substation_A,103.51632197438562,3.221588171788117,187.517076776126,16.305832907122948,1045,0
TR_968,Substation_B,66.44901744698659,0.41173030983810466,270.42663072522964,18.49262488681631,14632,0
TR_969,Substation_B,96.59897427192185,3.856813696145931,336.57316111035874,85.68821403087743,13804,1
TR_970,Substation_C,90.85505646378778,4.3898942132655385,76.19408714500004,79.76612722049977,2427,0
TR_971,Substation_D,76.85605696413342,1.899222915215356,17.466498518766304,82.09856663527685,21036,0
TR_972,Substation_C,87.99919860133622,7.7158278926075585,313.85000869435686,89.28028594532786,16888,1
TR_973,Substation_A,97.10351148458761,7.284691426404212,247.78199580952023,22.706808150724026,12173,1
TR_974,Substation_C,66.26912090731714,5.8049315601016565,282.85943215262745,35.21234367594525,22417,0
TR_975,Substation_D,61.25715550161051,4.313754367246364,336.8804402455706,61.88361754361367,15872,0
TR_976,Substation_B,83.393570061633,6.972756361216711,323.0962645815552,46.123215888155016,22262,0
TR_977,Substation_D,92.50998622618181,1.132153516205357,384.7588573022416,40.56311033715835,23117,1
TR_978,Substation_D,89.54853376048003,6.3450273747715915,219.01468075232611,35.41395619352541,3163,1
TR_979,Substation_D,91.85788717581124,1.0860844303381016,200.5132967373631,55.47135371519344,15533,1
TR_980,Substation_B,68.31291546284065,6.374264234140303,166.73600795738474,53.92544143440697,9965,0
TR_981,Substation_D,93.15922405137641,2.27856378918572,69.93950670923977,18.723915895460408,3826,0
TR_982,Substation_D,47.81358859908955,7.029015590043692,233.31682082398873,45.09788618906732,4159,0
TR_983,Substation_D,75.39179136745523,7.557932541220643,118.03488448713172,52.045100977837244,18015,0
TR_984,Substation_A,40.374312932377904,1.2754881583004136,369.30992976306044,53.47438979216819,5263,0
TR_985,Substation_D,61.09807894351757,3.755137280016609,237.44441366806805,22.859111397549903,23621,0
TR_986,Substation_B,63.81999976664086,7.849800287485213,241.20767039816297,68.09306834144438,11328,1
TR_987,Substation_D,65.7512249546016,3.9189187441878586,148.4206177420339,7.141923059790919,15320,0
TR_988,Substation_D,85.20536843484103,6.922025427864907,30.27584727130592,35.160707721168826,11721,0
TR_989,Substation_B,65.25627658257247,4.750979024837426,22.38006849546556,71.31807512552885,11711,1
TR_990,Substation_D,69.16508547046449,3.065106272564855,175.10070621974702,52.9308982897092,14069,0
TR_991,Substation_B,55.440368506831284,2.357690088654375,42.980497457922766,27.19880676342312,5592,0
TR_992,Substation_D,64.26136645590711,1.7054624195800896,246.67031266065425,64.07101514415905,6522,0
TR_993,Substation_B,54.77252577210484,6.118205711883808,353.5794721994664,53.22823025326624,13069,0
TR_994,Substation_D,44.75773504494884,3.1536700039019205,354.33677844230164,72.68070680379292,20043,0
TR_995,Substation_D,79.22415856978957,4.139076151385934,267.0277099515706,67.47714082613498,14015,0
TR_996,Substation_A,83.43383190607605,3.9893712920093374,92.3804142744431,56.85917337307995,6659,0
TR_997,Substation_A,80.26687249062493,4.660504330941737,346.5687642299601,46.49510240141919,24202,0
TR_998,Substation_D,70.12711284703721,6.938059450433963,355.57643977215116,16.32048068173949,13723,0
TR_999,Substation_D,64.68607571164993,7.847840814309092,86.6948981316539,27.21330652025762,8945,0
TR_1000,Substation_C,96.11668722216865,3.319915247733154,297.59617345056415,40.62345519795225,22191,1
